-- phpMyAdmin SQL Dump
-- version 4.6.4
-- https://www.phpmyadmin.net/
--
-- Host: 127.0.0.1
-- Generation Time: Oct 13, 2021 at 01:02 PM
-- Server version: 5.7.14
-- PHP Version: 5.6.25

SET SQL_MODE = "NO_AUTO_VALUE_ON_ZERO";
SET time_zone = "+00:00";


/*!40101 SET @OLD_CHARACTER_SET_CLIENT=@@CHARACTER_SET_CLIENT */;
/*!40101 SET @OLD_CHARACTER_SET_RESULTS=@@CHARACTER_SET_RESULTS */;
/*!40101 SET @OLD_COLLATION_CONNECTION=@@COLLATION_CONNECTION */;
/*!40101 SET NAMES utf8mb4 */;

--
-- Database: `doan_nhomi`
--

-- --------------------------------------------------------

--
-- Table structure for table `category`
--

CREATE TABLE `category` (
  `id_category` int(11) NOT NULL,
  `NAME` varchar(500) COLLATE utf8mb4_unicode_ci NOT NULL
) ENGINE=InnoDB DEFAULT CHARSET=utf8mb4 COLLATE=utf8mb4_unicode_ci;

--
-- Dumping data for table `category`
--

INSERT INTO `category` (`id_category`, `NAME`) VALUES
(1, 'Chính trị'),
(2, 'Kinh tế'),
(3, 'Công nghệ'),
(4, 'Giải trí'),
(5, 'Thế giới');

-- --------------------------------------------------------

--
-- Table structure for table `commtent`
--

CREATE TABLE `commtent` (
  `ID_COMMENT` int(11) NOT NULL,
  `USERNAME` varchar(500) COLLATE utf8mb4_unicode_ci NOT NULL,
  `CONTENT` varchar(500) COLLATE utf8mb4_unicode_ci NOT NULL,
  `ID_POST` int(11) NOT NULL,
  `DATE_UP` datetime NOT NULL
) ENGINE=InnoDB DEFAULT CHARSET=utf8mb4 COLLATE=utf8mb4_unicode_ci;

--
-- Dumping data for table `commtent`
--

INSERT INTO `commtent` (`ID_COMMENT`, `USERNAME`, `CONTENT`, `ID_POST`, `DATE_UP`) VALUES
(2, 'Lễ', 'Bài viết rất hay', 16, '2021-10-02 09:59:03'),
(3, 'Quyền', 'Quá tốt', 15, '2021-10-08 09:12:23');

-- --------------------------------------------------------

--
-- Table structure for table `post`
--

CREATE TABLE `post` (
  `ID_POST` int(11) NOT NULL,
  `TITLE` varchar(500) COLLATE utf8mb4_unicode_ci NOT NULL,
  `SAPO` text COLLATE utf8mb4_unicode_ci NOT NULL,
  `IMAGE1` varchar(500) COLLATE utf8mb4_unicode_ci NOT NULL,
  `IMAGE2` varchar(500) COLLATE utf8mb4_unicode_ci NOT NULL,
  `IMAGE3` varchar(500) COLLATE utf8mb4_unicode_ci NOT NULL,
  `CONTENT` text COLLATE utf8mb4_unicode_ci NOT NULL,
  `ID_CATEGORY` int(11) NOT NULL,
  `DATE_UP` datetime NOT NULL
) ENGINE=InnoDB DEFAULT CHARSET=utf8mb4 COLLATE=utf8mb4_unicode_ci;

--
-- Dumping data for table `post`
--

INSERT INTO `post` (`ID_POST`, `TITLE`, `SAPO`, `IMAGE1`, `IMAGE2`, `IMAGE3`, `CONTENT`, `ID_CATEGORY`, `DATE_UP`) VALUES
(1, 'Tư lệnh Cảnh sát biển bị cách tất cả chức vụ trong Đảng', 'Trung tướng Nguyễn Văn Sơn, Phó bí thư Đảng ủy, Tư lệnh Cảnh sát biển Việt Nam, cùng 6 tướng lĩnh khác bị Ban Bí thư cách mọi chức vụ trong Đảng.', 'chinh-tri-1.1.jpg', '', '', 'Ngày 1/10, Tổng Bí thư Nguyễn Phú Trọng chủ trì họp Ban Bí thư để xem xét, thi hành kỷ luật Ban Thường vụ Đảng uỷ Cảnh sát biển Việt Nam nhiệm kỳ 2015 - 2020 và một số cá nhân.\r\n\r\n\r\nSau khi xem xét đề nghị của Uỷ ban Kiểm tra Trung ương, nghe đại diện Quân uỷ Trung ương phát biểu, Ban Bí thư quyết định cảnh cáo Ban thường vụ Đảng uỷ Cảnh sát biển nhiệm kỳ 2015 - 2020.\r\n\r\n\r\nBan Bí thư kỷ luật khai trừ Đảng đối với Thiếu tướng Lê Xuân Thanh (Tư lệnh Vùng Cảnh sát biển 3) và Thiếu tướng Lê Văn Minh (Tư lệnh Vùng Cảnh sát biển 4).\r\n\r\nCùng với đó, Ban Bí thư cách tất cả các chức vụ trong Đảng đối với Trung tướng Nguyễn Văn Sơn (Phó bí thư Đảng ủy, Tư lệnh Cảnh sát biển); Trung tướng Hoàng Văn Đồng (nguyên Bí thư Đảng ủy, nguyên Chính ủy Cảnh sát biển); Thiếu tướng Doãn Bảo Quyết (Phó Chính uỷ Cảnh sát biển); Thiếu tướng Bùi Trung Dũng (nguyên Phó Tư lệnh Cảnh sát biển); Thiếu tướng Phạm Kim Hậu (Phó Tư lệnh - Tham mưu trưởng Cảnh sát biển); Thiếu tướng Trần Văn Nam (Phó Tư lệnh Cảnh sát biển); Thiếu tướng Đào Hồng Nghiệp (Tư lệnh Vùng Cảnh sát biển 2).\r\n\r\n\r\nBan Bí thư giao Quân ủy Trung ương tiếp tục lãnh đạo, chỉ đạo xử lý nghiêm minh, kịp thời, đồng bộ các tổ chức đảng, cá nhân liên quan theo quy định của Đảng, pháp luật của Nhà nước.\r\n\r\n\r\nThường vụ Đảng uỷ Cảnh sát biển Việt Nam nhiệm kỳ 2015 - 2020 đã "vi phạm rất nghiêm trọng" nguyên tắc tập trung dân chủ, nguyên tắc tự phê bình và phê bình, Quy chế làm việc, Quy định của Quân ủy Trung ương.\r\n\r\n\r\nNhững vi phạm đó đã dẫn đến nhiều cán bộ, đảng viên, trong đó có cả Bí thư, Phó Bí thư Đảng uỷ, Tư lệnh, Phó Tư lệnh và lãnh đạo, chỉ huy đơn vị trực thuộc "suy thoái về phẩm chất chính trị, đạo đức, lối sống, gây hậu quả đặc biệt nghiêm trọng".\r\n\r\n\r\nBan thường vụ Đảng uỷ Cảnh sát biển Việt Nam nhiệm kỳ 2015 - 2020 còn "thiếu trách nhiệm, buông lỏng lãnh đạo, chỉ đạo, thiếu kiểm tra, giám sát", để Bộ Tư lệnh và các đơn vị trực thuộc có nhiều vi phạm nghiêm trọng quy định của Đảng, pháp luật của Nhà nước và quy định của Bộ Quốc phòng trong công tác quản lý, sử dụng tài chính; thực hiện các dự án đầu tư xây dựng cơ bản; mua sắm thiết bị kỹ thuật, vật tư, hàng hoá; đấu tranh phòng, chống buôn lậu, gây hậu quả rất nghiêm trọng.\r\n\r\n\r\nTrung tướng Nguyễn Văn Sơn, với cương vị là Phó Bí thư Đảng uỷ, Tư lệnh Cảnh sát biển, cùng chịu trách nhiệm về những vi phạm, khuyết điểm của Ban Thường vụ Đảng uỷ nhiệm kỳ 2015 - 2020. Ông cũng chịu trách nhiệm chính và trách nhiệm người đứng đầu về các vi phạm, khuyết điểm của Bộ Tư lệnh và các đơn vị trực thuộc...\r\n\r\n\r\nTư lệnh Cảnh sát biển cũng "vi phạm nguyên tắc tập trung dân chủ và Quy chế làm việc khi ký ban hành một số văn bản quan trọng trong công tác trọng yếu; thiếu trách nhiệm trong lãnh đạo, chỉ đạo công tác nghiệp vụ và pháp luật, để xảy ra việc xử lý một số vi phạm không đúng quy định, có dấu hiệu bỏ lọt tội phạm".\r\n\r\n\r\nTrung tướng Hoàng Văn Đồng, trong thời gian giữ cương vị Bí thư Đảng uỷ, Chính uỷ Cảnh sát biển, chịu trách nhiệm chính và trách nhiệm người đứng đầu về những vi phạm, khuyết điểm của Ban Thường vụ Đảng uỷ nhiệm kỳ 2015 - 2020.\r\n\r\nThiếu tướng Doãn Bảo Quyết, với cương vị là Uỷ viên Ban Thường vụ Đảng uỷ, Phó Chính ủy Cảnh sát biển, cùng chịu trách nhiệm về các vi phạm, khuyết điểm của Ban thường vụ Đảng uỷ nhiệm kỳ 2015 - 2020.\r\n\r\n\r\nThiếu tướng Phạm Kim Hậu, với cương vị Ủy viên Ban Thường vụ Đảng ủy, Phó Tư lệnh - Tham mưu trưởng Cảnh sát biển, cùng chịu trách nhiệm về các vi phạm, khuyết điểm của Ban Thường vụ Đảng uỷ nhiệm kỳ 2015 - 2020.\r\n\r\n\r\nÔng Hậu cũng chịu trách nhiệm cá nhân trong việc báo cáo kết quả đánh giá năng lực nhà thầu đối với gói thầu mua sắm thiết bị không đúng quy định pháp luật, gây lãng phí ngân sách nhà nước.', 1, '2021-10-01 21:00:00'),
(2, 'Bộ Chính trị: Bảo vệ cán bộ năng động, sáng tạo vì lợi ích chung', 'Bộ Chính trị yêu cầu các cấp uỷ, tổ chức đảng khuyến khích và bảo vệ cán bộ năng động, sáng tạo, dám nghĩ, dám làm, dám đột phá vì lợi ích chung.', 'chinh-tri-5.1.jpg', 'chinh-tri-5.2.jpg', '', 'Thường trực Ban Bí thư Võ Văn Thưởng vừa ký ban hành kết luận của Bộ Chính trị về chủ trương nêu trên.\r\n\r\nTheo đó, trong quá trình thực hiện chức trách, nhiệm vụ được giao, xuất phát từ yêu cầu, đòi hỏi cấp thiết của thực tiễn, "khuyến khích cán bộ có tư duy sáng tạo, cách làm đột phá, tháo gỡ, giải quyết những điểm nghẽn, nút thắt trong cơ chế, chính sách, tập trung vào những vấn đề chưa được quy định hoặc đã có quy định nhưng không phù hợp với thực tiễn; mang lại giá trị, hiệu quả thiết thực, tạo được chuyển biến mạnh mẽ, đóng góp tích cực vào sự phát triển chung".\r\n\r\nBộ Chính trị nêu rõ, đề xuất đổi mới, sáng tạo của cán bộ phải báo cáo với người đứng đầu cấp uỷ, chính quyền, cơ quan, đơn vị nơi công tác; được cơ quan có thẩm quyền xem xét, quyết định cho thực hiện hoặc thực hiện thí điểm, bảo đảm không trái với Hiến pháp và Điều lệ Đảng.\r\n\r\nCác cấp uỷ, tổ chức đảng, người đứng đầu, tập thể lãnh đạo cơ quan, đơn vị quan tâm hỗ trợ nguồn lực, tạo điều kiện thuận lợi để cán bộ triển khai thực hiện.\r\n\r\nCác cấp uỷ, tổ chức đảng thường xuyên theo dõi, kiểm tra, giám sát quá trình triển khai thực hiện thí điểm các đề xuất đổi mới, sáng tạo; chủ động phát hiện những vấn đề nảy sinh, kịp thời động viên, hỗ trợ, tháo gỡ khó khăn, vướng mắc hoặc xem xét, điều chỉnh, có quyết định phù hợp với tình hình thực tế. Phát hiện sớm và kịp thời uốn nắn, chấn chỉnh sai sót, vi phạm.\r\n\r\nKhi cán bộ thực hiện thí điểm mà kết quả không đạt hoặc chỉ đạt được một phần mục tiêu đề ra hoặc gặp rủi ro, xảy ra thiệt hại thì cấp có thẩm quyền phải kịp thời xác định rõ nguyên nhân khách quan, chủ quan, đánh giá công tâm để xem xét, xử lý phù hợp.\r\n\r\nTrường hợp cán bộ thực hiện đúng chủ trương, có động cơ trong sáng, vì lợi ích chung thì được xem xét miễn hoặc giảm nhẹ trách nhiệm.\r\n\r\n"Xử lý nghiêm việc lợi dụng chủ trương khuyến khích và bảo vệ cán bộ để thực hiện hoặc bao che hành vi vụ lợi, tham nhũng, tiêu cực, vi phạm kỷ luật của Đảng và pháp luật của Nhà nước", Bộ Chính trị nêu rõ.\r\n\r\nCác cấp có thẩm quyền định kỳ sơ kết, tổng kết, đẩy mạnh tuyên truyền, nhân rộng những mô hình, giải pháp thí điểm, đổi mới, sáng tạo có hiệu quả; kịp thời xem xét, nghiên cứu để thể chế hoá thành quy định pháp luật, tạo cơ sở pháp lý để nhân rộng các mô hình, giải pháp đó.\r\n\r\nBộ Chính trị cũng yêu cầu biểu dương, khen thưởng xứng đáng, và ưu tiên bố trí, sử dụng cán bộ có tư duy đổi mới, cách làm đột phá, sáng tạo, hiệu quả cao.', 1, '2021-09-24 11:39:00'),
(3, 'Tổng biên chế công chức tăng hơn 7.000', 'Tổng biên chế công chức hưởng lương từ ngân sách nhà nước năm 2022 là 256.685, tăng 7.035 người so với năm 2021.', 'chinh-tri-6.1.jpg', '', '', 'Ngày 22/9, Thủ tướng Phạm Minh Chính phê duyệt biên chế công chức hưởng lương từ ngân sách của cơ quan hành chính nhà nước và các hội có tính chất đặc thù, theo đề nghị của Bộ trưởng Nội vụ.\r\n\r\nTheo đó, tổng số 256.685 không bao gồm biên chế thuộc Bộ Công an, Quốc phòng và công chức cấp xã. Biên chế công chức các cơ quan, tổ chức hành chính nhà nước chiếm đa số với 247.722 (tăng 378 so với năm 2021).\r\n\r\nSố biên chế thuộc bộ, cơ quan ngang bộ, cơ quan thuộc Chính phủ, tổ chức do Chính phủ, Thủ tướng thành lập (không phải là đơn vị sự nghiệp công lập) là 106.890, còn lại thuộc cơ quan của HĐND, UBND cấp tỉnh, cấp huyện.\r\n\r\nCác cơ quan đại diện của Việt Nam ở nước ngoài có 1.068 biên chế; các hội có tính chất đặc thù hoạt động trong phạm vi cả nước có 686.\r\n\r\nThủ tướng yêu cầu các bộ, ngành, địa phương hoàn hiện đề án vị trí việc làm và bố trí biên chế công chức theo vị trí việc làm, thực hiện tinh giản.\r\n\r\nHồi cuối tháng 6, UBND TP HCM gửi văn bản kiến nghị Bộ Nội vụ tham mưu Chính phủ bổ sung 3.735 biên chế công chức khi thành phố tổ chức chính quyền đô thị từ 1/7 (thêm cho UBND TP Thủ Đức và các quận). Trước đó, Bộ Nội vụ giao biên chế của thành phố năm nay khoảng 7.100 người, ít hơn 3.600 người so với số lượng mà HĐND thành phố đã thông qua.\r\n\r\nCông chức là công dân Việt Nam, được tuyển dụng, bổ nhiệm vào ngạch, chức vụ, chức danh tương ứng với vị trí việc làm trong cơ quan của Đảng, Nhà nước, tổ chức chính trị - xã hội ở trung ương, cấp tỉnh, cấp huyện; trong cơ quan, đơn vị thuộc Quân đội nhân dân mà không phải là sĩ quan, quân nhân chuyên nghiệp, công nhân quốc phòng; trong cơ quan, đơn vị thuộc Công an nhân dân mà không phải là sĩ quan, hạ sĩ quan phục vụ theo chế độ chuyên nghiệp, hưởng lương từ ngân sách nhà nước.', 1, '2021-09-22 21:19:00'),
(4, 'Hai nhóm lao động nhận hỗ trợ từ Quỹ Bảo hiểm thất nghiệp', 'Hai nhóm được hỗ trợ gồm người tham gia bảo hiểm thất nghiệp và người dừng do chấm dứt hợp đồng lao động từ 1/1/2020 đến 30/9/2021, có thời gian đóng bảo lưu.', 'chinh-tri-4.1.jpg\r\n', '\r\n', '', '66\r\nThời sựChính trịThứ bảy, 25/9/2021, 13:00 (GMT+7)\r\nHai nhóm lao động nhận hỗ trợ từ Quỹ Bảo hiểm thất nghiệp\r\nHai nhóm được hỗ trợ gồm người tham gia bảo hiểm thất nghiệp và người dừng do chấm dứt hợp đồng lao động từ 1/1/2020 đến 30/9/2021, có thời gian đóng bảo lưu.\r\n\r\nNgày 24/9, Chủ tịch Quốc hội Vương Đình Huệ thay mặt Thường vụ Quốc hội ký nghị quyết ban hành chính sách hỗ trợ người lao động và người sử dụng lao động bị ảnh hưởng bởi đại dịch Covid-19 từ Quỹ Bảo hiểm thất nghiệp. Đây là cơ sở để Chính phủ ban hành nghị quyết triển khai.\r\n\r\nThường vụ Quốc hội quyết nghị sử dụng khoảng 30.000 tỷ đồng từ kết dư Quỹ Bảo hiểm thất nghiệp đến hết năm 2020 để hỗ trợ người lao động thuộc hai nhóm. Đó là những người đang tham gia bảo hiểm thất nghiệp tại thời điểm ngày 30/9 (không bao gồm người lao động đang làm việc tại cơ quan nhà nước, tổ chức chính trị, tổ chức chính trị - xã hội, đơn vị vũ trang nhân dân và đơn vị sự nghiệp công lập do ngân sách nhà nước bảo đảm chi thường xuyên).\r\n\r\nThứ hai là người dừng tham gia bảo hiểm thất nghiệp do chấm dứt hợp đồng lao động, hoặc hợp đồng làm việc trong khoảng thời gian từ ngày 1/1/2020 đến 30/9/2021 có thời gian đóng bảo hiểm thất nghiệp được bảo lưu theo quy định của pháp luật về việc làm, không bao gồm người hưởng lương hưu hàng tháng.\r\n\r\nThời gian thực hiện việc hỗ trợ người lao động từ ngày 1/10 và hoàn thành chậm nhất vào ngày 31/12.\r\n\r\nMức hỗ trợ được tính trên cơ sở thời gian đóng bảo hiểm thất nghiệp chưa hưởng trợ cấp thất nghiệp của người lao động. Cụ thể, người có thời gian đóng bảo hiểm thất nghiệp dưới 12 tháng thì được hỗ trợ 1,8 triệu đồng một người; từ đủ 12 tháng đến dưới 60 tháng được 2,1 triệu đồng; đủ 60 tháng đến dưới 84 tháng được 2,4 triệu đồng; từ đủ 84 tháng đến dưới 108 tháng được 2,65 triệu đồng; từ đủ 108 tháng đến dưới 132 tháng được 2,9 triệu đồng; từ đủ 132 tháng trở lên được 3,3 triệu đồng một người. Thời gian thực hiện hỗ trợ người lao động từ ngày 1/10 và hoàn thành chậm nhất vào ngày 31/12.\r\n\r\nGiữa tháng 8, báo cáo tại phiên họp của Thường vụ Quốc hội cho thấy tổng số kết dư quỹ Bảo hiểm xã hội, Bảo hiểm thất nghiệp đến nay ước đạt trên 935.100 tỷ đồng. Trong đó, ba quỹ thành phần kết dư chuyển sang năm 2021 lần lượt là: Quỹ Ốm đau, thai sản gần 12.800 tỷ đồng; Quỹ Bảo hiểm tai nạn lao động - bệnh nghề nghiệp hơn 53.700 tỷ đồng; Quỹ Hưu trí, tử tuất trên 789.100 tỷ đồng. Riêng Quỹ Bảo hiểm thất nghiệp hơn 89.100 tỷ đồng.', 1, '2021-09-25 02:44:00'),
(5, 'Thủ tướng kêu gọi đoàn kết khi \'thích ứng an toàn với Covid\'', 'Thủ tướng Phạm Minh Chính kêu gọi toàn dân đoàn kết khi "thích ứng an toàn với Covid", vì lợi ích quốc gia thì "không có gì khó, không có gì vướng".', 'chinh-tri-2.1.jpg\r\n', '\r\n', '', 'Chiều 29/9, Hội nghị giữa Thường trực Chính phủ và Ban Thường trực Ủy ban Trung ương Mặt trận Tổ quốc Việt Nam được tổ chức tại Hà Nội.\r\n\r\nThủ tướng Phạm Minh Chính cho biết, nền kinh tế và đời sống nhân dân gặp rất nhiều khó khăn do thực hiện giãn cách xã hội, GDP quý III tăng trưởng âm... Tuy nhiên, "khó khăn, thách thức phải là động lực phấn đấu, vươn lên, trưởng thành".\r\n\r\nMuốn vậy, tinh thần đoàn kết toàn dân tộc, vai trò của nhân dân phải được phát huy dưới sự tập hợp của Mặt trận Tổ quốc. Đồng thời, Ban Dân vận Trung ương, Ban Dân vận các cấp cần phối hợp chặt chẽ với cơ quan hành chính nhà nước, tiếp tục nâng cao chất lượng công tác dân vận chính quyền.\r\n\r\n"Tình hình càng khó khăn, phức tạp, nhạy cảm càng phải đoàn kết, giữ đúng nguyên tắc, phát huy dân chủ, huy động trí tuệ tập thể, lắng nghe ý kiến của nhau, quyết định theo đa số", Thủ tướng nhấn mạnh.\r\n\r\nTheo ông, phương châm hành động cho nhiệm kỳ 2021-2026 là xây dựng Chính phủ "đổi mới, liêm chính, kỷ cương, hành động, hiệu quả, vì nhân dân phục vụ". Để đạt được mục tiêu này, Chính phủ đề nghị Mặt trận Tổ quốc Việt Nam, Ban Dân vận Trung ương và các tổ chức chính trị - xã hội, cùng sát cánh để triển khai 7 nhiệm vụ trọng tâm Đại hội XIII của Đảng đã đề ra.\r\n\r\nTrong đó, nhiệm vụ đầu tiên là chuyển trạng thái từ "không có Covid-19" sang "thích ứng an toàn", linh hoạt, kiểm soát hiệu quả dịch bệnh; vừa phòng chống dịch thành công, vừa khôi phục và thúc đẩy phát triển kinh tế xã hội. Chính phủ coi trọng vai trò của mặt trận tổ quốc và các đoàn thể trong thuyết phục, hướng dẫn người dân, lắng nghe tâm tư, nguyện vọng của nhân dân.\r\n\r\nNhấn mạnh "người dân vừa là trung tâm, vừa là chủ thể, mọi chính sách đều phải hướng tới nhân dân...", lãnh đạo Chính phủ nói "bất cứ chiến thắng nào cũng là chiến thắng của nhân dân, bất cứ cuộc chiến đấu nào không có nhân dân thì không thể chiến thắng". Vì vậy, phương châm phòng chống dịch hiện nay là "5K + vaccine + thuốc + công nghệ + ý thức người dân".', 1, '2021-09-29 19:38:00'),
(8, 'Hai cựu Giám đốc bảo hiểm xã hội bị khai trừ Đảng', 'Ông Nguyễn Huy Ban và ông Lê Bạch Hồng, nguyên Tổng Giám đốc Bảo hiểm Xã hội Việt Nam, bị khai trừ Đảng.', 'chinh-tri-3.1.jpg', '', '', 'Quyết định được đưa ra tại phiên họp của Ban Bí thư ngày 28/9. Cũng tại phiên họp này, Ban Bí thư đã kỷ luật khai trừ Đảng đối với bà Vũ Liên Oanh, nguyên Giám đốc Sở Giáo dục và Đào tạo tỉnh Quảng Ninh.\r\n\r\nSau khi xem xét đề nghị của Uỷ ban Kiểm tra Trung ương, Ban Bí thư nhận định, ông Nguyễn Huy Ban và ông Lê Bạch Hồng trong thời gian giữ cương vị Bí thư Ban cán sự đảng, Tổng Giám đốc Bảo hiểm xã hội Việt Nam, đã vi phạm nghiêm trọng trong việc quyết định, trực tiếp ký hợp đồng và chỉ đạo trái quy định đối với việc sử dụng Quỹ bảo hiểm xã hội, để cho Công ty cho thuê tài chính thuộc Ngân hàng Nông nghiệp và Phát triển nông thôn Việt Nam vay vốn, gây thiệt hại lớn số tiền của Nhà nước.\r\n\r\nHai ông này đã bị xử lý hình sự và phạt tù giam về tội "Cố ý làm trái quy định của Nhà nước về quản lý kinh tế gây hậu quả nghiêm trọng".\r\n\r\nBà Vũ Liên Oanh, với cương vị là Tỉnh uỷ viên, Bí thư Đảng uỷ, Giám đốc Sở Giáo dục và Đào tạo tỉnh Quảng Ninh, chịu trách nhiệm người đứng đầu về những vi phạm, khuyết điểm của Đảng uỷ trong công tác lãnh đạo, chỉ đạo xây dựng, thực hiện Quy chế làm việc.\r\n\r\nBà Oanh được cho đã thiếu trách nhiệm, buông lỏng quản lý, vi phạm và để xảy ra vi phạm pháp luật trong chỉ đạo, tổ chức thực hiện một số dự án đầu tư xây dựng, mua sắm trang thiết bị do Sở Giáo dục và Đào tạo làm chủ đầu tư giai đoạn 2015 - 2019. Bà cũng đã bị Cơ quan Cảnh sát điều tra Bộ Công an quyết định khởi tố bị can, bắt tạm giam về tội "Vi phạm quy định về đấu thầu gây hậu quả nghiêm trọng".\r\n\r\nTheo Ban Bí thư, vi phạm của các cá nhân nêu trên là rất nghiêm trọng, làm thiệt hại lớn số tiền của Nhà nước và đã bị xử lý hình sự, làm ảnh hưởng xấu đến uy tín của tổ chức đảng các ngành Bảo hiểm xã hội, ngành Giáo dục, địa phương và cá nhân, gây bức xúc trong xã hội.\r\n\r\nCuối tháng 9/2019, TAND Hà Nội xác định ông Nguyễn Huy Ban (cựu tổng giám đốc Bảo hiểm Xã hội Việt Nam) phạm tội Cố ý làm trái quy định của Nhà nước về quản lý kinh tế gây hậu quả nghiêm trọng (theo khoản 3, điều 165, Bộ luật Hình sự 1999) trong vụ án gây thất thoát 1.700 tỷ đồng; nhận mức án 14 năm tù.\r\n\r\nCùng tội danh, cựu tổng giám đốc khác của Bảo hiểm Xã hội Việt Nam là ông Lê Bạch Hồng bị phạt 6 năm tù. Ông Ban phải bồi thường 292 tỷ đồng; ông Hồng bồi thường 150 tỷ đồng cho Bảo hiểm Xã hội Việt Nam.\r\n\r\nĐến tháng 2/2020, ông Ban và ông Hồng được cấp phúc thẩm tuyên giảm án, lần lượt chịu hình phạt 12 năm tù (giảm 2 năm) và 5 năm 3 tháng (giảm 9 tháng).', 1, '2021-09-28 10:48:00'),
(11, 'Tỷ giá USD hôm nay 2/10: Đảo chiều đi xuống bất chấp dự báo tốt về xu hướng', 'Các chuyên gia dự báo một đợt tăng giá mạnh của đồng USD vẫn đang được tăng tốc nhờ sự thúc đẩy bởi chính sách của Cụcác c Dự trữ Liên bang (Mỹ).', 'kinh-te-1.1.jpg\r\n', 'kinh-te-1.2.jpg', '', 'Sáng 2/10 theo giờ Việt Nam, trên thị trường quốc tế, USD Index đạt 94.090 điểm, giảm 0.150 điểm, tương đương để mất 0.16%.\r\n\r\nVề số liệu vĩ mô, Bộ Thương mại Mỹ ngày 1/10 cho biết chỉ số giá tiêu dùng cá nhân cốt lõi tháng 8 (Core PCE - không kể các loại hàng hóa có giá biến động mạnh như lương thực và năng lượng) tăng 3,62% so với cùng kỳ năm ngoái.\r\n\r\nCục Dự trữ Liên bang Mỹ (Fed) thường ra quyết định chính sách tiền tệ dựa vào số liệu Core PCE (không phải CPI). Việc lạm phát tính theo Core PCE lên cao đã củng cố dự đoán rằng Fed sẽ sớm giảm các gói nới lỏng tiền tệ.\r\n\r\nMặc dù vậy, các chuyên gia dự báo một đợt tăng giá mạnh của đồng USD vẫn đang được tăng tốc nhờ sự thúc đẩy bởi chính sách của Cục Dự trữ Liên bang (Mỹ), lợi suất kho bạc tăng và lo ngại về khả năng xảy ra một “cuộc chiến” kéo dài, chật vật vì mức nợ trần của Mỹ, theo Reuters.\r\n\r\nBởi vì USD vẫn là đồng tiền thống trị thế giới, quỹ đạo của nó có thể có tác động lớn tới kinh tế, tài chính của tất cả mọi người, mọi doanh nghiệp và tổ chức, từ các tập đoàn đến những ngân hàng trung ương trên toàn cầu.\r\n\r\nNgày 1/10, Ngân hàng Nhà nước (NHNN) công bố tỷ giá trung tâm ở mức 23.160 VND/USD, giảm 2 đồng so với mức niêm yết hôm qua.\r\n\r\nTỷ giá bán tham khảo tại Sở giao dịch NHNN ở mức 23.805 VND/USD.\r\n\r\nGiá mua USD tại các ngân hàng hiện nằm trong khoảng 22.630 – 22.660 VND/USD, còn khoảng bán ra ở mức 22.840 – 22.869 VND/USD.\r\n\r\nTrên thị trường "chợ đen", đồng USD được giao dịch ở mức 23.170 - 23.220 VND/USD.', 2, '2021-10-02 09:53:00'),
(12, 'Nhóm chứng khoán, ngân hàng đỏ lửa, VN-Index giảm hơn 6 điểm', 'Các chỉ số mở cửa phiên giao dịch ngày 1/10 chìm trong sắc đỏ khi hàng loạt cổ phiếu vốn hóa lớn giảm giá và gây áp lực mạnh lên thị trường chung.', 'kinh-te-2.1.jpg', 'kinh-te-2.2.png', '', 'Phản ứng đầu tiên có thể nhìn thấy là phiên ATO chứng khoán phái sinh mở cửa sớm hơn phiên cơ sở 15 phút đã chìm trong sắc đỏ. VN30F kỳ hạn tháng 10 giảm hơn 10 điểm ngay khi mở cửa và duy trì trạng thái này đến cuối phiên sáng.\r\n\r\nNhóm ngành giảm mạnh nhất trong phiên sáng nay (1/10) thuộc về nhóm tài chính, chứng khoán, ngân hàng với mức giảm tư 1% đến hơn 1,5%. Trong phiên có tới 25/27 mã ngân hàng giảm giá, chỉ TPB của TPBank và NVB của Ngân hàng Quốc dân thoát cảnh đỏ lửa.\r\n\r\n8/15 cổ phiếu có ảnh hưởng tiêu cực nhất đến chỉ số VN-Index thuộc nhóm ngân hàng, đặc biệt là sự sụt giảm của Vietcombank, SacomBank và VPBank.\r\n\r\nNgày 8/10 tới đây là ngày chốt danh sách cổ đông nhận cổ tức và tăng vốn bằng phát hành cổ phiếu lên đến 80%, giúp vốn điều lệ của VPBank từ mức 25.300 tỷ đồng nâng lên trên 45.000 tỷ đồng, đứng thứ 2 trong hệ thống chỉ sau VietinBank, vượt xa cả BIDV, VietomBank hay TechcomBank. Tuy nhiên, trong nhóm ngân hàng, VPB lại là cổ phiếu có mức giảm sâu nhất sau 11h00.\r\n\r\nTuy nhiên, ở một góc nhìn khác, một số nhà đầu tư cho rằng sự điều chỉnh giảm này lại là cơ hội để nhà đầu tư bắt đáy ở vùng giá thấp và chờ hưởng lợi tại những ngày giao dịch không hưởng quyền. Điều này thể hiện qua lực cầu tăng mạnh hơn 35% tại cổ phiếu này so với cùng kỳ phiên sáng hôm qua (30/9).\r\n\r\nNgoài VPBank, hàng loạt giao dịch thỏa thuận tại nhóm cổ phiếu ngân hàng cũng được diễn ra trong phiên sáng. Cổ phiếu HDB thỏa thuận hơn 830.000 cổ phiếu, trị giá 19,6 tỷ đồng. Tiếp đó, các cổ phiếu OCB, VIB cũng có giao dịch thỏa thuận trên dưới 600.000 đơn vị. Đến khoảng 10h30, tại các mã như BID, VPB, LPB, EIB, MSB cũng xuất hiện lượng giao dịch thỏa thuận tới hàng trăm nghìn đơn vị.\r\n\r\nCùng giao dịch không mấy tích cực là nhóm vận tải kho bãi giảm trên dưới 1%. Tăng mạnh nhất thị trường là nhóm thiết bị điện, tiện ích với mức tăng trên 1%. Ngành khai khoáng cũng đang giao dịch tích cực khi hầu hết các mã trong nhóm này đều hiện sắc xanh.\r\n\r\nPhiên giao dịch hôm qua, HOSE chỉ có giá trị 16.000 tỷ đồng, thấp nhất trong hơn 2 tháng, đến phiên sáng nay, mức thanh khoản đã tăng 30% so với phiên sáng qua. Nhà đầu tư đã rục rịch bắt đáy giúp thanh khoản cải thiện lên hơn 13.000 tỷ đồng trên sàn HOSE.\r\n\r\nKết thúc phiên sáng, VN-Index giảm 6,27 điểm, tương đương 0,47% xuống 1.335,79 điểm. Thanh khoản đạt 421 triệu đơn vị.\r\n\r\nHNX-Index giảm 1,29 điểm, tương đương 0,36% xuống 356,03 điểm. Thanh khoản đạt 66,8 triệu đơn vị, với gần 1.397 tỷ đồng.', 2, '2021-10-01 20:51:00'),
(13, 'World Bank khuyến nghị Việt Nam cách đối phó với tình trạng “chưa giàu đã già”', 'Theo Ngân hàng Thế giới, già hóa dân số có thể khiến tăng trưởng kinh tế Việt Nam chậm lại, làm tăng chi tiêu công và gia tăng áp lực đối với hệ thống dịch vụ công.', 'kinh-te-3.1.jpg', 'kinh-te-3.2.jpg', '', 'Theo báo cáo “Việt Nam: Thích ứng với Xã hội Già hóa” do Ngân hàng Thế giới (World Bank) và Cơ quan Hợp tác Quốc tế Nhật Bản (JICA) phối hợp thực hiện cho thấy so với các quốc gia đã từng trải qua tình trạng già hóa dân số như Việt Nam đang trải qua hiện nay, thì cả trình độ phát triển kinh tế lẫn thu nhập bình quân của Việt Nam đều thấp hơn.\r\n“Viễn cảnh “chưa giàu đã già” có nghĩa là Việt Nam sẽ phải đối mặt với một loạt thách thức quan trọng mà để giải quyết sẽ không tránh khỏi những lựa chọn chính sách khó khăn”, báo cáo cảnh báo.\r\n\r\nGiám đốc World Bank Việt Nam - bà Carolyn Turk cho biết Việt Nam đã thành công trong việc tận dụng lực lượng lao động dồi dào để thúc đẩy tăng trưởng kinh tế trong ba thập kỷ qua.\r\n\r\nGiờ đây, cùng với quá trình già hóa dân số, Việt Nam cần nhanh chóng xây dựng kỹ năng cho lực lượng lao động để thúc đẩy đổi mới và nâng cao năng suất nền kinh tế cũng như bắt đầu tiến hành cải cách lương hưu ngay từ bây giờ để duy trì sinh kế cho người cao tuổi trong những thập kỷ tới.\r\n\r\nVới tỷ lệ sinh giảm và tuổi thọ tăng, người cao tuổi dự kiến sẽ chiếm từ 10%-20% dân số Việt Nam vào năm 2035. Tỷ lệ phụ thuộc tuổi già của Việt Nam, được tính bằng số người trên 65 tuổi chia cho số người trong độ tuổi lao động, ước tính sẽ tăng gấp đôi từ 0,11 năm 2019 lên 0,22 năm 2039.\r\n\r\nBáo cáo cho thấy tốc độ tăng trưởng dài hạn trong giai đoạn 2020–2050 sẽ chậm lại 0,9 điểm phần trăm so với 15 năm qua khi Việt Nam chuyển dần sang cơ cấu dân số già. Bên cạnh đó, việc đáp ứng nhu cầu của một xã hội già hóa cũng được dự báo sẽ tiêu tốn thêm từ 1,4% đến 4,6% GDP. Việc mở rộng phạm vi bao phủ và cải thiện chất lượng dịch vụ tất yếu sẽ dẫn đến tăng chi phí tài khóa.\r\n\r\nBáo cáo đưa ra khuyến nghị để Việt Nam có thể quản lý tình trạng già hóa dân số một cách hiệu quả, dựa trên bài học kinh nghiệm ở các quốc gia khác đã trải qua quá trình chuyển đổi nhân khẩu học tương tự, ví dụ như Nhật Bản. \r\n\r\nCác khuyến nghị này bao gồm những cải cách cần thiết để cải thiện sự tham gia của lực lượng lao động và nâng cao năng suất, tăng cường hiệu quả chi tiêu công và củng cố hệ thống cung cấp dịch vụ. Báo cáo cũng khuyến nghị các hành động chính sách trong 4 lĩnh vực chịu ảnh hưởng nhiều nhất từ xu hướng già hóa là thị trường lao động, lương hưu, y tế và chăm sóc người cao tuổi.', 2, '2021-10-02 14:32:00'),
(14, 'iPhone 13: "Nhàm chán" nhưng vẫn đắt hàng?', 'Tờ Market Watch nhận định, dù những nâng cấp trên iPhone 13 không có gì quá nổi bật nhưng một số yếu tố khác sẽ giúp chiếc điện thoại mới của Apple vẫn đắt hàng.', 'kinh-te-4.1.jpeg', 'kinh-te-4.2.jpeg', 'kinh-te-4.3.jpeg', 'Apple đã tổ chức sự kiện ra mắt iPhone 13, vốn được rất nhiều người mong đợi vào đêm qua theo giờ Việt Nam. Tại đây, gã khổng lồ công nghệ đã công bố 4 mẫu iPhone mới với giá khởi điểm từ 699 USD cho iPhone 13 mini đến 1.099 USD cho iPhone 13 Pro Max.\r\n\r\nCác điện thoại mới nhìn chung có tốc độ xử lý nhanh hơn, cải thiện tuổi thọ pin, dung lượng lưu trữ lớn, camera được nâng cấp và thêm tùy chọn màu sắc mới.\r\n\r\nTờ Market Watch nhận định, đây đều là những "cải tiến cũ", lặp đi lặp lại và được giới thiệu trong nhiều năm nay, trong khi những bước nhảy vọt được đồn đại như tính năng liên lạc vệ tinh hay thực tế ảo tăng cường lại chưa đi đến đâu.\r\n\r\nMặc dù vậy, các chuyên gia nhận định, Apple vẫn được kỳ vọng sẽ bán được hàng triệu chiếc điện thoại mới, nhờ sự kết hợp của cơ sở hạ tầng cùng  hệ sinh thái rộng lớn mà hãng có sẵn. Bên cạnh đó, không thể kể đến nhu cầu dồn nén từ những người tiêu dùng không nâng cấp trong một vài năm qua và sự hỗ trợ từ những công ty viễn thông khổng lồ.\r\n\r\nKhông nổi bật nhưng vẫn sẽ đắt hàng\r\n\r\nTrong 5 năm qua, Apple thường xuyên đưa ra những kế hoạch để giữ chân khách hàng, đổi từ phiên bản điện thoại cũ sang điện thoại mới. Trong số đó phải kể đến chương trình cho phép người dùng nâng cấp iPhone mới hàng năm với một khoản phí hàng tháng.\r\n\r\nTheo tờ Market Watch, sau một thời gian dừng hỗ trợ, giờ đây những ông lớn viễn thông Mỹ như AT&T, Verizon hay T-Mobile đang đề nghị thực hiện những gói hỗ trợ kết hợp để tận dụng những lợi thế của các mẫu điện thoại 5G.\r\n\r\nNhững khách hàng bỏ qua vài vòng đời iPhone rất có thể đã sẵn sàng nâng cấp, nhất là các khi các mẫu điện thoại họ đang dùng đã cũ, pin hết nhanh, hệ điều hành mới cần dung lượng và thời gian pin lâu hơn.', 2, '2021-09-15 02:10:10'),
(15, 'Giá vàng chốt tuần tăng nhẹ', 'Giá vàng tăng 0,4% trong tuần khi đồng USD hạ giá, lợi suất trái phiếu Bộ Tài chính Mỹ thời hạn 10 năm tăng.\r\n', 'kinh-te-5.1.jpeg\r\n', '', '', 'Giá vàng tăng trong phiên ngày 1/10 và khép lại tuần tăng nhẹ. Giá vàng được hỗ trợ khi đồng USD hạ giá và lợi suất trái phiếu Bộ Tài chính Mỹ đi ngang ngay cả khi thông tin mới công bố cho thấy chi phí hàng hóa dịch vụ Mỹ tăng trong tháng 8.\r\n\r\nĐóng cửa phiên đầu tiên của tháng 10, giá vàng giao ngay trên thị trường New York tăng 0,17% và đóng cửa tại mức 1.761 USD một ounce.\r\n\r\nKinh doanhQuốc tếThứ bảy, 2/10/2021, 08:23 (GMT+7)\r\nGiá vàng chốt tuần tăng nhẹ\r\nGiá vàng tăng 0,4% trong tuần khi đồng USD hạ giá, lợi suất trái phiếu Bộ Tài chính Mỹ thời hạn 10 năm tăng.\r\n\r\nGiá vàng tăng trong phiên ngày 1/10 và khép lại tuần tăng nhẹ. Giá vàng được hỗ trợ khi đồng USD hạ giá và lợi suất trái phiếu Bộ Tài chính Mỹ đi ngang ngay cả khi thông tin mới công bố cho thấy chi phí hàng hóa dịch vụ Mỹ tăng trong tháng 8.\r\n\r\nĐóng cửa phiên đầu tiên của tháng 10, giá vàng giao ngay trên thị trường New York tăng 0,17% và đóng cửa tại mức 1.761 USD một ounce.\r\n\r\nGiá vàng tăng 0,4% trong tuần khi mà lợi suất trái phiếu Bộ Tài chính Mỹ thời hạn 10 năm tăng. Chỉ số Dollar Index tăng 0,17% trong tuần sau khi gần đây leo lên mức cao nhất trong gần 1 năm.\r\n\r\nChintan Karnani, Giám đốc bộ phận nghiên cứu tại Insignia Consultants, nói: "Các số liệu lạm phát trong tuần này cho thấy giá vàng sẽ tăng". Ông muốn nói đến giá nhập khẩu hàng hóa của Đức trong tháng trước đã tăng nhanh nhất trong 40 năm, lạm phát tại khu vực đồng tiền chung châu Âu vào tháng 8 leo lên mức cao nhất 13 năm và việc lạm phát Mỹ cũng đã chạm mức cao nhất 30 năm.\r\n\r\n"Vàng có thể coi như công cụ đầu tư tốt trong bối cảnh lạm phát cao nhất trong nhiều năm", ông Karnani phân tích. Tuy nhiên cũng theo ông Karnani, trong ngắn hạn, cần phải lạc quan thận trọng với vàng bởi tâm lý nhà đầu tư đang dao động từ trung lập đến tiêu cực.\r\n\r\nTrong nghiên cứu thị trường mới đây nhất, chuyên gia phân tích thị trường tại Kinesis Money – ông Carlo Alberto De Casa, khẳng định: "Trước tiên, tác động từ chính sách thu hẹp chương trình mua trái phiếu của Fed đã rõ ràng và dường như đã được phản ánh vào thị trường. Thứ hai, yếu tố cơ bản cho thấy nhu cầu vàng vẫn ổn định và sẽ không có sự sụt giảm mạnh".\r\n\r\nNgoài ra cũng theo phân tích của ông De Casa, việc giá vàng đột ngột phục hồi cho thấy bên bán đang mất đi quyền lực chính vì vậy sẽ có những nhà đầu tư coi vàng như công cụ tài sản phù hợp sau khoảng thời gian suy giảm gần đây.\r\n\r\nTrong tuần tới, một số thông tin kinh tế Mỹ dự kiến ảnh hưởng đến giá vàng bao gồm số lượng đơn đặt hàng tiêu dùng bền, chỉ số ISM của lĩnh vực phi sản xuất, báo cáo việc làm từ ADP và số lượng việc làm phi nông nghiệp tại Mỹ.\r\n\r\nPhiên đầu tiên của tháng 10, thị trường chứng khoán Mỹ tăng điểm khi nhà đầu tư mua mạnh cổ phiếu của những doanh nghiệp có hoạt động kinh doanh liên quan trực tiếp đến quá trình phục hồi kinh tế Mỹ.', 2, '2021-10-02 13:13:10'),
(16, 'Khai thác Bitcoin sẽ \'bẩn\' hơn', 'Các chuyên gia cho rằng việc khai thác Bitcoin đang khiến môi trường ô nhiễm hơn trước, nhất là sau khi Trung Quốc cấm các hoạt động này.', 'cong-nghe-1.1.jpg\r\n', 'cong-nghe-1.2.jpg', '', 'Các nhiên liệu hóa thạch như than đá hoặc khí đốt sẽ được sử dụng nhiều gấp 5 lần hiện tại cho những hoạt động liên quan đến Bitcoin và chắc chắn tác động không mấy tích cực đến môi trường", nhà kinh tế học Alex de Vries, người nhiều năm nghiên cứu về ô nhiễm và chất thải điện tử do khai thác Bitcoin, nhận xét.\r\n\r\nTrung Quốc là nước có hệ thống đào Bitcoin lớn nhất thế giới xét về năng lực khai thác (hashrate), chiếm khoảng 65% toàn cầu trong tháng 4. Khi đó, các mỏ đào chủ yếu sử dụng nguồn điện năng từ thủy điện và nhiệt điện dùng than đá. Tuy nhiên, lệnh cấm gắt gao đã buộc gần 100% mỏ đào ngừng hoạt động tính đến hết tháng 9.\r\n\r\nMichel Rauchs, chuyên gia nghiên cứu tại Đại học Cambridge, cho biết: "Mỹ dường như đang trở thành trung tâm khai thác tiền điện tử lớn nhất".\r\n\r\nĐầu năm nay, khi Trung Quốc bắt đầu giới hạn khai thác tiền số, nhiều thợ đào bắt đầu "di cư" đến Mỹ - nơi có các nhà máy điện dùng than đá và khí đốt công suất lớn. Thậm chí, cơn sốt khai thác Bitcoin đã giúp một nhà máy nhiệt điện dùng khí đốt ở Dresden, New York "hồi sinh" sau nhiều năm bỏ hoang. Một nhà máy điện dùng than đá khác ở Pennsylvania cũng hoạt động trở lại sau thời gian hoạt động cầm chừng.\r\n\r\nGiới chuyên gia lo ngại, việc ngày càng có nhiều công ty đặt nhà máy khai thác Bitcoin tại Mỹ có thể dẫn đến ô nhiễm bầu khí quyển nhiều hơn, ngay cả ở những khu vực nhà máy sản xuất năng lượng sạch như điện mặt trời hay thủy điện. "Khi các nhà máy điện dùng năng lượng tái tạo hoạt động hết công suất, chúng có thể chuyển sang nhiên liệu hóa thạch để tăng nhu cầu", Susanne Köhler, nghiên cứu sinh tại Đại học Aalborg (Đan Mạch) bình luận. "Bên cạnh đó, những thứ xung quanh khu vực đó cũng đắt đỏ hơn bình thường".\r\n\r\nThực tế, các thợ đào Bitcoin đang đổ xô đến những nơi có thủy điện giá rẻ, bao gồm Đông Wenatchee, Washington và Plattsburgh. Việc khai thác tiền số tại đây tiêu tốn rất nhiều điện. Người dân địa phương cũng phải trả tiền điện theo giá mới cao hơn trước.\r\n\r\nCùng với Mỹ, Rauchs cho biết Kazakhstan và Nga là hai quốc gia thu hút nhiều thợ đào Bitcoin. Kazakhstan, trước đó cũng có nhiều nhà máy khai thác tiền số, vẫn chủ yếu dựa vào than để sản xuất điện. Nga cũng chỉ có 17% thủy điện, còn lại là các nhà máy dùng nhiên liệu hóa thạch.\r\n\r\n"Giá Bitcoin đang ở mức 43.000 USD và liên tục tăng, là động lực để các nhà máy tăng năng suất khai thác", một chuyên gia nói với The Verge. "Nó cần nhiều năng lượng hơn, từ đó khiến môi trường ô nhiễm hơn. Kể cả khi có sự thay đổi của Trung Quốc, mức tiêu thụ năng lượng từ các hoạt động khai thác Bitcoin vẫn tăng trưởng trong năm nay trên toàn cầu".\r\n\r\nHiện tại, có một số loại tiền điện tử, chẳng hạn Ethereum, đã thay đổi thuật toán trên quy trình khai thác mới để giúp máy đào tiêu tốn ít năng lượng. Dù vậy, một số chuyên gia nhận định, khi Bitcoin vẫn là đồng tiền số giá trị nhất, các mô hình khai thác gây ô nhiễm môi trường vẫn còn tồn tại.\r\n\r\n', 3, '2021-10-02 18:16:36'),
(17, 'Tập đoàn công nghệ G-Group đầu tư vào startup AI Camera HANET\r\n', 'Công ty Cổ phần Công nghệ HANET, startup AI Camera đầu tiên, duy nhất của Việt Nam vừa nhận khoản đầu tư từ Tập đoàn Công nghệ G-Group với định giá hơn 100 tỷ đồng.\r\n', 'cong-nghe-2.jpg', '\r\n', '\r\n', 'AI Camera hứa hẹn sẽ trở thành một trong những thiết bị quan trọng bậc nhất cho quá trình chuyển đổi số trong doanh nghiệp.\r\n\r\nÔng Võ Đức Thọ, Tổng Giám đốc Công ty Cổ phần Công nghệ HANET chia sẻ: “Chúng tôi đã làm việc hết mình trong suốt một thời gian dài, trải qua nhiều khó khăn để xây dựng sản phẩm HANET AI Camera như ngày hôm nay. Tôi rất vui mừng khi đã chọn được đối tác đầu tư là G-Group, một tập đoàn công nghệ uy tín tại Việt Nam, với nhiều chuyên gia giỏi và nhiệt huyết. Cùng với hệ sinh thái 11 công ty thành viên phục vụ hơn 30 triệu người dùng trên các nền tảng, chúng tôi cùng nhau cam kết đưa HANET trở thành sản phẩm AI Camera dẫn đầu tại Việt Nam và  hướng đến thị trường toàn cầu”.\r\n\r\nVới sứ mệnh mang lại cuộc sống an toàn và hạnh phúc cho mọi người bằng những sản phẩm thông minh và đơn giản, đội ngũ kỹ sư HANET đã nghiên cứu và phát triển ra dòng sản phẩm AI Camera phù hợp với từng đối tượng khách hàng. Cụ thể: AI CAMERA HOME (bảo vệ gia đình, trẻ nhỏ, chống trộm), AI CAMERA OFFICE (kiểm soát ra vào, chấm công tự động), AI CAMERA SHOP (đếm khách hàng tự động, phân tích kinh doanh, chống trộm). \r\n\r\nĐiểm đặc biệt trên các sản phẩm của HANET là chip xử lý trí tuệ nhân tạo được tích hợp ngay trên camera, giúp tăng tốc độ phân tích và giảm chi phí đầu tư. HANET cũng là đơn vị đầu tiên và duy nhất tại Việt Nam đưa các sản phẩm AI Camera ra thị trường, được giới công nghệ đánh giá rất cao và gây sốt cộng đồng mạng vì nhận diện khuôn mặt ngay cả khi đeo khẩu trang với tốc độ nhận diện cực nhanh.\r\n\r\n“Chúng tôi đánh giá cao đội ngũ của HANET - những người trẻ, tâm huyết với trình độ chuyên môn cao về sản phẩm công nghệ, cùng hoài bão chứng minh người Việt Nam có thể làm ra những sản phẩm với hàm lượng chất xám cao hướng đến thị trường toàn cầu. Điểm đặc biệt là G-Group và HANET có chung Sứ mệnh góp phần làm cho xã hội an toàn hơn, tốt đẹp hơn thông qua công nghệ. Vì thế, G-Group sẽ không chỉ đầu tư về nguồn lực tài chính mà sẽ cam kết hỗ trợ các giá trị cộng hưởng khác để cùng đội ngũ HANET hiện thực hóa tầm nhìn”, ông Phùng Anh Tú, Tổng Giám đốc Tập đoàn Công nghệ G-Group chia sẻ.\r\n\r\nTại các quốc gia phát triển trên thế giới, camera được lắp khắp nơi, từ phân tích giao thông, chấm điểm công dân, kiểm soát tội phạm...Tại Việt Nam, hiện tại có quá ít camera giám sát ở đường phố, hơn nữa những camera này thuộc công nghệ cũ, không có khả năng phân tích, tính toán. Để giải quyết các vấn đề như vi phạm giao thông, bắt cóc trẻ em, an ninh, cướp giật… nếu công nghệ camera tích hợp chip trí tuệ nhân tạo được áp dụng sẽ giúp giảm nhiều lần chi phí đầu tư và việc triển khai cũng rất nhanh chóng, dễ dàng.\r\n\r\n', 3, '2021-09-27 15:22:21'),
(18, 'Nhân viên y tế Đắk Lắk chế tạo máy đo thân nhiệt và sát khuẩn tự động\r\n', 'Trung tâm Y tế huyện Ea Kar, Đắk Lắk vừa chế tạo thành công máy đo thân nhiệt và sát khuẩn tự động để phục vụ công tác phòng chống dịch.', 'cong-nghe-3.jpg', '\r\n', '', 'Trước tình hình dịch COVID-19 phức tạp, tỉnh Đắk Lắk hiện có 4 ca mắc và hàng nghìn người đang được cách ly tại cơ sở, nhà, những cán bộ ở khoa Kiểm soát nhiễm khuẩn, Trung tâm Y tế huyện Ea Kar quyết tâm chế tạo máy đo thân nhiệt và sát khuẩn tự động để phục vụ người dân thuận tiện hơn. \r\n\r\nMột cán bộ chế tạo máy trên cho biết, sản phẩm giúp nhân viên y tế nhận biết và phân luồng kịp thời các bệnh nhân đến khám có dấu hiệu nhiễm và nghi nhiễm nCoV, góp phần hạn chế thấp nhất khả năng lây nhiễm.\r\n\r\n"Người cần đo thân nhiệt sẽ cúi đầu vào vị trí cố định, máy tự động test và hiển thị nhiệt độ sau một giây. Nếu nhiệt độ trên 37,5 độ C, máy sẽ tự động phát âm thanh cảnh báo thân nhiệt cao. Ngược lại nếu dưới 37,5 độ C thì máy sẽ tự động phát âm thanh thông báo tình trạng thân nhiệt bình thường", người chế tạo máy thông tin.\r\n\r\nTheo quan sát, thông số sẽ được hiển thị trên màn hình Led thông qua một mắt đo. Máy có hệ thống rửa tay sát khuẩn, người sử dụng chỉ cần đưa tay ra, thiết bị sẽ tự động phun sương dung dịch sát khuẩn lên tay. Thiết bị này giúp cho ra lượng sát khuẩn vừa đủ, tiết kiệm dung dịch và đặc biệt tránh sự va chạm trực tiếp vào thiết bị, hạn chế nguy cơ lây nhiễm chéo bệnh truyền nhiễm.\r\n\r\nTrung tâm Y tế huyện Ea Kar cho biết, chi phí sản xuất một máy khoảng 3 triệu đồng. Máy được đặt trước khu vực Trung tâm Y tế huyện để người dân đến khám bệnh đều được đo thân nhiệt, khử khuẩn. \r\n\r\n', 3, '2021-09-26 13:16:46'),
(19, 'Phiền phức khi truy cập Internet trên điện thoại cũ từ 1/10\r\n', 'Một số người dùng iPhone, BlackBerry, laptop đời cũ tại Việt Nam phản ánh tình trạng khó truy cập website và liên tục gặp cảnh báo chứng chỉ bảo mật.', 'cong-nghe-4.1.jpg\r\n', 'cong-nghe-4.2.jpg', '', '"Tôi vẫn dùng iPhone 2G để đọc tin tức, nhưng hôm nay truy cập website nào cũng thấy thông báo về chứng chỉ mạng, cứ vài phút lại xuất hiện một lần rất khó chịu", anh Hữu Long (Bình Phước) chia sẻ. "Nội dung trên màn hình cũng không còn đầy đủ mà bị mất hình ảnh, mất chữ, thậm chí không truy cập được dù mạng Internet mạnh".\r\n\r\n"Tôi cảm thấy rất bực mình với chiếc BlackBerry 9860 khi cứ vài chục giây lại nhảy ra cảnh báo thiếu chứng chỉ và yêu cầu bấm Accept. Việc truy cập website vì thế phiền phức và bực mình", ông Lê Hùng (TP HCM) cho biết.\r\n\r\nTrên mạng xã hội, một số người đang dùng điện thoại, như từ iPhone 5 trở về trước, BlackBerry đời cũ (các bản không chạy Android) và các mẫu laptop chạy hệ điều hành Windows XP, macOS 10 hoặc cũ hơn, cho biết họ đều gặp phiền phức khi truy cập Internet. Trong đó, việc vào mạng bằng trình duyệt mặc định bị làm phiền bởi các thông báo về chứng chỉ bảo mật. Quá trình truy cập các nội dung web diễn ra khá chập chờn, khó kết nối.\r\n\r\nNhiều người chia sẻ, họ vẫn dùng thiết bị cũ do chỉ có nhu cầu đơn giản như đọc tin tức, thấy không cần thiết nâng cấp máy, hoặc gặp khó khăn khi mua thiết bị mới. Một số cho biết đành chấp nhận các thông báo phiền hà, hoặc dự định mua smartphone mới. Trong khi đó, người dùng máy tính dễ dàng hơn trong việc nâng cấp thiết bị của mình lên phiên bản hệ điều hành mới hơn.\r\n\r\nHữu Bình, một người chuyên kinh doanh thiết bị điện tử cũ tại TP HCM, nhận định vấn đề phần lớn chỉ ảnh hưởng chủ yếu tới người dùng iPhone đời cũ. "Thực tế, vẫn có một lượng người dùng nhất định đang sử dụng các mẫu iPhone 5 trở xuống tại Việt Nam. Họ bị ảnh hưởng nhiều nhất do những máy này đã bị Apple ngừng hỗ trợ từ lâu, lại không thể cài các ứng dụng bên ngoài", anh nói.\r\n\r\nCũng theo anh Bình, người dùng máy tính có thể nâng cấp lên phiên bản mới, bởi đa số thiết bị có cấu hình chưa quá cũ. Anh ví dụ, một máy chạy chip Intel Core 2 Duo T6600 ra mắt từ 2006, RAM 4 GB, ổ cứng từ 128 GB vẫn có thể cài Windows 7. Trong khi đó, các dòng máy Mac đời 2013 trở về sau vẫn hỗ trợ bản macOS 11 chưa lỗi thời. Do đó, người dùng có thể nâng cấp hệ điều hành để có chứng chỉ IdentTrust DST Root CA X3.\r\n\r\nTheo Entrepreneur, chứng chỉ mạng IdentTrust DST Root CA X3 do tổ chức phi lợi nhuận Let\'s Encrypt cung cấp đã hết hạn từ ngày 1/10, khiến việc truy cập Internet của nhiều thiết bị điện tử và ứng dụng lỗi thời gặp vấn đề. Đây là chứng chỉ bảo mật có chức năng mã hóa các kết nối giữa thiết bị của người dùng và Internet nhằm ngăn chặn và tránh bị hacker đánh cắp thông tin khi truyền dữ liệu. Các thiết bị bị ảnh hưởng là iPhone chạy iOS 10 về trước, Android 2.3.6, Windows XP (SP3), macOS 10 hoặc cũ hơn, phần mềm dựa trên OpenSSL 1.0.2 trở xuống và một số máy chơi game chạy firmware cũ.\r\n\r\nTheo ông Bùi Thanh Vũ, chuyên gia bảo mật tại Trung tâm an ninh mạng Athena, các chứng chỉ bảo mật như IdentTrust DST Root CA X3 giúp mã hóa dữ liệu truyền đi thông qua https (giao thức truyền tải siêu văn bản bảo mật). Nếu không có chứng chỉ này, website có thể chuyển qua http (giao thức truyền tải siêu văn bản) vốn kém an toàn hơn rất nhiều.\r\n\r\n"Vấn đề trên có thể không ảnh hưởng đến thói quen duyệt web hàng ngày như đọc báo, xem phim, nhưng sẽ rất nguy hiểm nếu người dùng đăng nhập mạng xã hội, tài khoản ngân hàng, giao dịch tài chính hoặc trao đổi thông tin nhạy cảm", ông Vũ khuyến cáo. "Với giao thức http kém bảo mật, hacker có thể thu thập những dữ liệu đó dễ dàng".\r\n\r\nNgoài ra, anh Hữu Bình cho rằng, những thiết bị và ứng dụng nếu không thể cập nhật chứng chỉ mạng thường đã quá cũ, người dùng cân nhắc không nên tiếp tục sử dụng chúng, hoặc dùng cho mục đích khác không cần kết nối mạng. "Thực tế, trải nghiệm duyệt web hay vào Internet trên các thiết bị này rất ức chế do quá trình xử lý chậm, không hỗ trợ các hiệu ứng nâng cao, thao tác khó", anh Bình nói thêm.\r\n\r\n', 3, '2021-10-01 01:13:10'),
(20, 'PC-Covid đạt 1,8 triệu lượt tải trong ngày đầu\r\n', 'Ứng dụng PC-Covid nhanh chóng đạt 1,8 triệu lượt tải trong ngày 30/9, khiến nhiều thời điểm gặp tình trạng quá tải.\r\n', 'cong-nghe-5.1.jpg', 'cong-nghe-5.2.jpg', '', 'Trên App Store, PC-Covid đang là ứng dụng được tải về nhiều nhất Việt Nam. Còn trên Google Play, ứng dụng đứng thứ hai ở hạng mục ứng dụng Sức khỏe và Thể hình, và đang có xu hướng tiếp tục tăng.\r\n\r\nTheo thống kê của Trung tâm Công nghệ phòng chống dịch Covid-19, ngày 30/9, PC-Covid có gần 1,8 triệu lượt tải. So với ứng dụng trước đó là Bluezone, số lượt tải này cao gấp 26 lần mức trung bình của tháng 9.\r\n\r\nSự quan tâm tăng đột biến là một trong những nguyên nhân khiến ứng dụng quá tải trong ngày đầu. Từ sáng 30/9, người dùng phản ánh một số hiện tượng như mã OTP gửi chậm, thời gian đồng bộ dữ liệu lâu, một số thông tin chưa được cập nhật đầy đủ.\r\n\r\nTheo đại diện Trung tâm Công nghệ, do ứng dụng mới ra nên ngày đầu sử dụng có thể chưa trơn tru. Một lượng lớn người truy cập cùng lúc nên có hiện tượng nghẽn. Trung tâm cho biết sau khoảng một tiếng, việc cập nhật, đồng bộ thông tin đã hoàn tất.\r\n\r\nPC-Covid có mặt trên App Store và Google Play rạng sáng qua, thay thế cho Bluezone trên các kho ứng dụng. Khi được đưa vào sử dụng chính thức, PC-Covid cũng sẽ thay thế cho các ứng dụng phòng, chống dịch trước đây. Ứng dụng được trang bị 9 tính năng chính: Thẻ Covid-19; Khai báo y tế; Khai báo di chuyển nội địa; Thông tin tiêm vaccine, xét nghiệm; Cấp, quản lý mã QR cá nhân và địa điểm; Quét mã QR; Truy vết tiếp xúc gần, Bản đồ nguy cơ, và Phản ánh.\r\n\r\nBộ Thông tin và Truyền thông cho biết, trong thời gian tới, ứng dụng sẽ được phát triển thêm các tính năng khác để thuận tiện cho người dân và phù hợp với chiến lược phòng chống dịch theo từng giai đoạn.', 3, '2021-10-01 05:37:18'),
(21, 'iOS 15 dính lỗi xóa ảnh đã lưu\r\n', 'Một lỗi nghiêm trọng trong ứng dụng Message của iOS 15 có thể khiến các bức ảnh đã lưu vẫn bị xóa hoàn toàn khỏi máy.', 'cong-nghe-6.1.jpg\r\n', '', '\r\n', 'Nhiều người chia sẻ trên Twitter rằng các bức ảnh được họ lưu từ ứng dụng Message bỗng biến mất sau khi họ xóa luồng nhắn tin và thực hiện sao lưu dữ liệu với iCloud.\r\n\r\nNgười dùng iPhone chạy iOS 15 có thể tái hiện lỗi này bằng cách lưu ảnh từ cuộc trò chuyện trên Message vào Camera Roll, sau đó xóa tin nhắn đó đi. Ảnh vẫn nằm trong kho iCloud, nhưng sẽ biến mất sau khi họ tiến hành sao lưu dữ liệu.\r\n\r\nLỗi này được đánh giá ở mức nghiêm trọng vì phần lớn người dùng iPhone đều kích hoạt tính năng sao lưu iCloud và quá trình này diễn ra tự động. Nếu người dùng thường xuyên xóa tin nhắn, họ có thể sẽ mất những bức ảnh muốn lưu lại dù đã bật iCloud Backup. Lỗi vẫn xuất hiện trên iOS 15.1 beta 2, cho thấy nó chưa được xử lý trong bản iOS mới nhất.\r\n\r\nCác chuyên gia khuyến cáo người dùng nên giữ lại các cuộc trò chuyện trong Message và không xóa chúng cho tới khi sự cố được khắc phục.\r\n\r\niOS 15 được đánh giá cao ở một số tính năng mới, như Live Text giúp phát hiện văn bản trong ảnh, trình duyệt Safari tiện lợi hơn, một số ứng dụng được thiết kế lại giao diện. Tuy nhiên, người dùng cũng phàn nàn hệ điều hành gặp lỗi báo đầy bộ nhớ dù còn hàng chục GB, ứng dụng bị treo...', 3, '2021-09-30 23:12:34'),
(22, '\'Em và Trịnh\' lùi lịch chiếu sang 2022, tung podcast thư tình Trịnh và Dao Ánh', 'TTO - Những dòng thư tình nhạc sĩ Trịnh Công Sơn gửi nàng thơ Dao Ánh sẽ được 2 diễn viên Avin Lu và Hoàng Hà (phim \'Em và Trịnh\') thể hiện qua chuỗi podcast mới. Phim vừa lùi lịch chiếu sang năm 2022.', 'giai-tri-1.1.jpeg', 'giai-tri-1.2.jpeg\r\n', '', 'Hôm 8-10, trang thông tin chính thức của phim Em và Trịnh công bố lùi lịch chiếu phim sang năm 2022. Nhiều khán giả bày tỏ sự tiếc nuối vì đã chờ đợi khá lâu cho bộ phim về cuộc đời nhạc sĩ Trịnh Công Sơn. Phim có lịch chiếu cũ là Giáng sinh năm nay.\r\n\r\nNguyên nhân lùi lịch được cho là vì rạp chiếu phim ở nhiều tỉnh thành khắp cả nước chưa mở cửa trở lại sau dịch bệnh. Do đó, khó có khả năng rạp chiếu hoạt động bình thường vào dịp Giáng sinh năm nay. Giới làm phim dự báo phải sang năm 2022, khán giả mới có thói quen ra rạp ổn định trở lại.\r\n\r\nCùng tin lùi lịch chiếu, nhà sản xuất công bố chuỗi podcast "Nắng thủy tinh" do Galaxy Play thực hiện để đáp ứng sự chờ đợi của khán giả. Chất liệu của podcast là 301 bức thư tình do cố nhạc sĩ Trịnh Công Sơn gửi đến người tình Dao Ánh.\r\n\r\n"Mong chuỗi podcast này sẽ như một kênh giải trí mới để các bạn có thêm lựa chọn chăm sóc sức khỏe tinh thần, xem đó như một người bạn, một lời động viên mà phim Em và Trịnh gửi đến các bạn. Cảm ơn các bạn đã trông chờ và yêu mến bộ phim" - êkip nhắn nhủ.\r\n\r\nNhóm sản xuất podcast hy vọng bên cạnh sự lãng mạn, chương trình cũng sẽ là nơi chia sẻ tâm tình về tình yêu, cuộc sống, mang đến cảm giác thư giãn, bình yên cho người nghe.\r\n\r\nPodcast "Nắng thủy tinh" sẽ do Hoàng Hà và Avin Lu - hai diễn viên vào vai Dao Ánh và Trịnh Công Sơn lúc trẻ trong phim Em và Trịnh - dẫn dắt. Số đầu tiên của chương trình ra mắt lúc 19h ngày 14-10, trên 3 nền tảng YouTube, Spotify, Apple Podcast.\r\n\r\nPhim điện ảnh Em và Trịnh kể về cuộc đời của nhạc sĩ Trịnh Công Sơn từ khi còn trẻ đến tuổi trung niên, khi ông hoài niệm về những nàng thơ trong cuộc đời mình: Bích Diễm, Dao Ánh, Khánh Ly, Hồng Nhung... Diễn viên Trần Lực vào vai Trịnh Công Sơn tuổi trung niên.\r\n\r\nEm và Trịnh có kinh phí hơn 50 tỉ đồng, do Phan Gia Nhật Linh đạo diễn.', 4, '2021-06-07 09:12:30'),
(23, 'Squid Game: Thành công vì dám điên rồ, phản ánh bất công xã hội', 'TTO - Squid Game (Trò chơi con mực) là phim thành công khi dám phá cách, điên rồ, siêu thực nhưng lại phản ánh hiện thực một cách sâu cay, thấm thía.', 'giai-tri-2.1.jpeg', 'giai-tri-2.2.jpeg\r\n', '\r\n', 'Dù diễn ra trong một đấu trường bí ẩn với những trò chơi thiếu nhi chết chóc, Squid Game vẫn đầy chất hiện thực qua các chi tiết, tình tiết trực diện lẫn ẩn dụ.\r\n\r\nBối cảnh siêu thực, cốt truyện có phần hoang đường là cái vỏ để Squid Game gây chú ý ban đầu, tạo nên không khí chết chóc, giật gân mang đậm tính giải trí.\r\n\r\nNgay những phút chơi đầu tiên khi hơn 200 nhân vật bị bắn chết như ngả rạ, người chơi dần giẫm đạp lên nhau và trở thành kẻ sát nhân hoặc kẻ cơ hội, phim đã gây cảm giác điên rồ.\r\n\r\nKẻ quyền lực nhào nặn nên đấu trường này lại là kẻ hoài niệm, tiếc nuối nhất về những trò chơi thời thơ ấu, thấm thía mặt trái của sự giàu ("không còn niềm vui nữa") và cũng là kẻ thao túng tất cả, dồn họ vào tình huống phải triệt hạ nhau để sống và giành số tiền lớn.\r\n\r\nSquid Game kể về những "kẻ thất bại" (theo chính lời đạo diễn Hwang Dong Hyuk), cùng đường đến mức chấp nhận thi đấu trong những trò chơi đánh đổi bằng mạng sống để kiếm khoản tiền lớn đổi đời. Theo New York Times, đằng sau thành công của phim chính là một xã hội đầy bất công và nền kinh tế bất ổn của một quốc gia.\r\n\r\nCũng như Parasite (Ký sinh trùng), kể về một gia đình nghèo sẵn sàng lừa lọc để kiếm được đồng tiền trong xã hội khan hiếm việc làm, phim Hàn Quốc đang tìm nhiều cách để phản ánh xã hội.\r\n\r\nBan đầu, khán giả Hàn Quốc phản ứng tiêu cực với Squid Game vì cho rằng phim khuôn sáo, thiếu thuyết phục và bạo lực vô cớ. Nhưng dần dà, họ ngày càng đồng cảm với phim vì nhận ra mình có nhiều điểm chung với các nhân vật, đặc biệt là nam chính Gi Hun (Lee Jung Jae đóng).\r\n\r\nGi Hun và các đối thủ trong trò chơi đều phải vật lộn đến kiệt sức để sống sót trong một nền kinh tế bất công, nơi khoảng cách giàu nghèo ngày càng tăng mạnh.\r\n\r\nTại Hàn Quốc, mức lương của một nhân viên bình thường là không đủ sống ở những thành phố có giá nhà cao ngất ngưởng. Họ phải cạnh tranh gắt gao như chính những người chơi trong Squid Game, không đánh đổi mạng sống nhưng cũng đánh đổi miếng ăn và chất lượng sinh tồn nếu thất bại.\r\n\r\nBản thân Gi Hun và người bạn Sang Woo trong phim cũng đại diện cho 2 khía cạnh trong con người của đạo diễn Hwang Dong Hyuk.\r\n\r\nÔng nói: "Giống như Gi Hun, tôi được nuôi dưỡng bởi một bà mẹ đơn thân trong một khu nghèo ở Ssangmun-dong. Nhưng giống như Sang Woo, tôi theo học Đại học Quốc gia Seoul và được hàng xóm ca ngợi, trọng vọng".\r\n\r\n', 4, '2021-10-09 09:07:14');
INSERT INTO `post` (`ID_POST`, `TITLE`, `SAPO`, `IMAGE1`, `IMAGE2`, `IMAGE3`, `CONTENT`, `ID_CATEGORY`, `DATE_UP`) VALUES
(24, 'Việt Nam lên tiếng về phim Trung Quốc xuyên tạc cuộc chiến bảo vệ biên giới', 'TTO - Người phát ngôn Bộ Ngoại giao Lê Thị Thu Hằng khẳng định chủ trương của Việt Nam với các vấn đề lịch sử là gác lại quá khứ, hướng tới tương lai và cần có các hoạt động thiết thực để củng cố hữu nghị.', 'giai-tri-3.1.jpg\r\n', '', '', 'Tại cuộc họp báo do Bộ Ngoại giao Việt Nam tổ chức chiều 7-10, người phát ngôn Lê Thị Thu Hằng đã trả lời câu hỏi liên quan bộ phim Quân đội Vương Bài của Trung Quốc với các chi tiết xuyên tạc lịch sử cuộc chiến đấu bảo vệ biên giới phía Bắc của Việt Nam những năm thập niên 1980.\r\n\r\nĐại diện Bộ Ngoại giao cho biết các cơ quan chức năng của Việt Nam đã chú ý đến các thông tin liên quan Quân đội Vương Bài.\r\n\r\n"Chủ trương nhất quán của Việt Nam đối với các vấn đề lịch sử là gác lại quá khứ, hướng tới tương lai, nhìn nhận sự việc một cách đúng đắn và khách quan", bà Thu Hằng khẳng định.\r\n\r\nTheo đại diện Bộ Ngoại giao, Việt Nam mong muốn các bên "có các hoạt động thiết thực để tăng cường sự hiểu biết giữa nhân dân, đóng góp cho quan hệ hữu nghị, hợp tác và phát triển giữa các quốc gia trên thế giới.\r\n\r\n"Chúng tôi đề nghị phía Trung Quốc thực hiện nghiêm nhận thức chung của lãnh đạo cấp cao hai nước về việc tăng cường tuyên truyền hữu nghị, khách quan, củng cố quan hệ xã hội thuận lợi cho phát triển quan hệ giữa hai nước", đại diện Bộ Ngoại giao nhấn mạnh quan điểm của Việt Nam.\r\n\r\nNhư Tuổi Trẻ Online đưa tin trước đó, bộ phim Quân đội Vương Bài đã tạo ra một sự bức xúc và phản ứng tại Việt Nam dù chỉ mới chiếu đoạn phim giới thiệu (trailer).\r\n\r\nTheo thông tin giới thiệu từ Baidu, bộ phim có mốc thời gian 1983, các nhân vật tham gia chiến đấu và rà phá bom mìn tại Quảng Tây - một tỉnh giáp biên giới với Cao Bằng, Hà Giang, Lạng Sơn, Quảng Ninh của Việt Nam.\r\n\r\nĐối chiếu với lịch sử, không ít khán giả Việt lên tiếng cho rằng bộ phim có những chi tiết có liên quan đến cuộc chiến đấu bảo vệ biên giới phía Bắc của Việt Nam, bắt đầu từ năm 1979.\r\n\r\nTrong trailer phim có các phân cảnh quân đội Trung Quốc giáp lá cà và đánh với đối phương là những người "ngụy trang trong lớp lá cây, cỏ", "dùng súng tiểu liên AK".\r\n\r\nKhông chỉ vậy, trang phục mà các diễn viên Trung Quốc mặc trong bộ phim này trùng khớp với quân phục giai đoạn họ tiến hành cuộc chiến tranh xâm lược biên giới Việt Nam năm 1979.', 4, '2021-06-05 04:26:15'),
(25, 'Bộ Công an yêu cầu hai huyện Nghệ An cung cấp tài liệu hoạt động từ thiện của Thủy Tiên', 'TTO - Cơ quan cảnh sát điều tra Bộ Công an đã yêu cầu hai địa phương ở Nghệ An báo cáo các thông tin, tài liệu liên quan hoạt động thiện nguyện của ca sĩ Thủy Tiên sau đợt mưa lũ năm 2020.', 'giai-tri-4.1.jpg\r\n', '\r\n', '\r\n', 'Tối 7-10, bà Thái Thị Hải Châu - chủ tịch Ủy ban Mặt trận Tổ quốc Việt Nam huyện Hưng Nguyên, Nghệ An - cho biết ủy ban và UBND huyện đã nhận được văn bản của Cơ quan cảnh sát điều tra Bộ Công an đề nghị cung cấp tài liệu, tường trình liên quan đến hoạt động thiện nguyện của ca sĩ Thủy Tiên trên địa bàn huyện trong đợt cứu trợ lũ lụt năm 2020.\r\n\r\nTrước đó, Ủy ban Mặt trận Tổ quốc Việt Nam huyện Hưng Nguyên có văn bản xác nhận ca sĩ Thủy Tiên đến phát quà cứu trợ lũ lụt cho huyện này vào ngày 3-11-2020. \r\n\r\nCụ thể, huyện có 458 hộ gia đình ở 7 xã được nhận quà, mỗi suất là 5 triệu đồng, riêng có 1 suất 10 triệu và 1 suất 30 triệu đồng. Tổng số tiền người dân huyện nhận được từ ca sĩ Thủy Tiên là 2 tỉ 320 triệu đồng.\r\n\r\nVề quy trình nhận tiền hỗ trợ, theo bà Châu, trước khi ca sĩ Thủy Tiên về trao tiền cho người dân, các cơ quan chức năng của huyện Hưng Nguyên đã phối hợp lựa chọn những hộ dân thực sự khó khăn và bị ảnh hưởng nặng nề nhất do lũ lụt gây ra để lập danh sách nhận quà. \r\n\r\nDanh sách người dân nhận tiền hỗ trợ được lập từ xóm, xã, có danh sách và có phiếu nhận cụ thể. Người dân của xóm, xã nào nhận tiền được xóm, xã đó quản lý và phát phiếu để tránh không bị nhầm lẫn, sai sót hoặc phát thừa.\r\n\r\n"Việc từ thiện trên địa bàn huyện diễn ra thực tế, công khai và có sự chứng kiến của các cơ quan chức năng và người dân. Chúng tôi sẽ làm báo cáo gửi Bộ Công an dựa trên văn bản xác nhận trên và dựa vào thực tế những gì đã nhận từ ca sĩ Thủy Tiên", bà Châu nói.\r\n\r\nÔng Lê Thiết Hùng - chủ tịch Ủy ban Mặt trận Tổ quốc huyện Thanh Chương - cho biết đơn vị đang làm báo cáo liên quan đến một số đề nghị của Cơ quan cảnh sát điều tra Bộ Công an về thông tin từ thiện và việc có tham gia chứng kiến buổi trao quà của ca sĩ Thủy Tiên trong đợt cứu trợ lũ lụt năm 2020.\r\n\r\nTheo ông Hùng, ngày 3-11-2020, ca sĩ Thủy Tiên về huyện trao quà cho hơn 500 hộ dân bị ảnh hưởng lũ lụt. Các hộ dân được nhận tiền theo nhiều mức, từ 5 đến 20 triệu đồng. Tổng số tiền người dân trên địa bàn nhận hơn 5 tỉ đồng.\r\n\r\nNgoài ra, ca sĩ Thủy Tiên cũng hỗ trợ 1,5 tỉ đồng xây dựng 2 cây cầu dân sinh trên địa bàn huyện bị sập do lũ lụt; tặng 10 xuồng cứu hộ trị giá 200 triệu đồng cho các xã thường xuyên bị ngập lụt. \r\n\r\nHiện 2 cây cầu đã xây dựng xong, bàn giao và đi vào hoạt động. 10 xuồng cứu hộ cũng đã được trao tặng đến cho 10 xã trên địa bàn.\r\n\r\nSau khi Thủy Tiên về trao quà cho người dân ở hai huyện Thanh Chương và Hưng Nguyên, ngày 3-11-2020, bà Võ Thị Minh Sinh - chủ tịch Ủy ban Mặt trận Tổ quốc Việt Nam tỉnh Nghệ An - có thư cảm ơn.', 4, '2021-10-08 03:30:16'),
(26, 'Tàu chiến Anh băng qua eo biển Đài Loan đến thăm Việt Nam', 'TTO - Sáng 27-9, khinh hạm HMS Richmond của Anh thông báo đang băng qua eo biển Đài Loan. Con tàu bật tín hiệu ngay trong lúc di chuyển như muốn gởi thông điệp tới Trung Quốc.', 'the-gioi-1.1.png\r\n', '\r\n', '', '"Chúng tôi đang băng qua eo biển Đài Loan để thăm Việt Nam và Hải quân Nhân dân Việt Nam", tài khoản Twitter có dấu tick xanh của HMS Richmond thông báo rạng sáng 27-9.\r\n\r\nTrước đó, tàu chiến của Hải quân Hoàng gia Anh đã hoạt động trên biển Hoa Đông, khu vực hiện có tranh chấp chủ quyền lãnh thổ giữa Trung Quốc và Nhật Bản.\r\n\r\nTheo "Sáng kiến theo dõi tình hình chiến lược Biển Đông" (SCSPI) - một trung tâm nghiên cứu của Trung Quốc, khinh hạm HMS Richmond đã bật hệ thống nhận diện tàu bè AIS khi tiến vào eo biển Đài Loan.\r\n\r\nHành động của tàu chiến Anh dường như mang tính thông báo với Trung Quốc nhưng cũng không kém phần thách thức. Trước đây, các tàu chiến của Anh và Mỹ thường chỉ thông báo đã băng qua eo biển Đài Loan sau khi việc đã xong.\r\n\r\nHiện Trung Quốc chưa đưa ra phản ứng trước hành động của tàu chiến Anh. Bắc Kinh xem Đài Loan là một phần lãnh thổ của nước này và thường phản đối mạnh khi các nước khác đưa tàu chiến hoặc máy bay vào eo biển Đài Loan.\r\n\r\nMỹ và các nước đồng minh, bao gồm Anh, tuyên bố eo biển rộng khoảng 200km nằm giữa đảo Đài Loan và Trung Quốc đại lục là một phần của Ấn Độ Dương - Thái Bình Dương "tự do và rộng mở". Việc đưa tàu chiến qua khu vực này, theo Washington và đồng minh, là phù hợp với luật quốc tế.\r\n\r\nHôm 18-9, tàu khu trục USS Barry của Mỹ băng qua eo biển Đài Loan, đánh dấu lần thứ 9 kể từ đầu năm nay Mỹ đưa tàu chiến tới khu vực.\r\n\r\nSau khi rời khỏi Liên minh châu Âu, Anh đã đẩy mạnh chiến lược "Nước Anh toàn cầu" nhằm gia tăng ảnh hưởng và sự hiện diện tại Ấn Độ Dương - Thái Bình Dương.\r\n\r\nHãng thông tấn CNA của Đài Loan bình luận việc khinh hạm HMS Richmond băng qua eo biển Đài Loan rạng sáng 27-9 là một phần trong nỗ lực trên. Theo CNA, đây là minh chứng cho thấy London xem an ninh Đài Loan là một vấn đề quan trọng tại Ấn Độ Dương - Thái Bình Dương.\r\n\r\nTrong cuộc phỏng vấn với tờ Nikkei Asia ngày 16-9, đô đốc Tony Radakin của Hải quân Hoàng gia Anh thông báo London sẽ triển khai 2 tàu tuần tra đến khu vực "trong vòng ít nhất 5 năm nữa".\r\n\r\nÔng Radakin cũng khẳng định "eo biển Đài Loan là vùng biển quốc tế" và "có thể được sử dụng bởi các quốc gia khác nhau".\r\n\r\nHMS Richmond là một trong số các tàu hộ tống tàu sân bay HMS Queen Elizabeth hiện đang có mặt tại Tây Thái Bình Dương. Hồi tháng trước, nhóm tàu này đã tránh eo biển Đài Loan khi đi từ Biển Đông đến Nhật Bản.', 5, '2021-10-07 08:12:10'),
(27, 'Mỹ, Indonesia hợp tác bảo vệ tự do hàng hải trên Biển Đông', 'TTO - Các cam kết tăng cường hợp tác được Mỹ và Indonesia đưa ra trong bối cảnh hai nước đang tổ chức cuộc tập trận có quy mô lớn chưa từng có tại Đông Nam Á.', 'the-gioi-2.1.jpg\r\n', 'the-gioi-2.2.jpg\r\n', '\r\n', 'Ngoại trưởng Mỹ Antony Blinken và người đồng cấp Indonesia Retno Marsudi đã khởi động cuộc "đối thoại chiến lược" giữa hai nước ngày 3-8. Hai bên nhấn mạnh quan điểm hợp tác trong nhiều vấn đề bao gồm Biển Đông, COVID-19, biến đổi khí hậu,...\r\n\r\nTheo Bộ Ngoại giao Mỹ, đây là cuộc đối thoại chiến lược đầu tiên giữa Washington và Jakarta sau khi hai bên thiết lập quan hệ đối tác chiến lược năm 2015.\r\n\r\n"Indonesia là một đối tác dân chủ mạnh mẽ của Mỹ", ông Blinken khẳng định trong cuộc gặp trực tiếp bà Marusdi, nhấn mạnh Washington đánh giá cao tiếng nói mạnh mẽ của Jakarta trong ASEAN.\r\n\r\nĐáp lại, bà Marsudi khẳng định Mỹ là đối tác quan trọng của ASEAN trong việc triển khai tầm nhìn Ấn Độ Dương - Thái Bình Dương. Ngoại trưởng Indonesia khẳng định quan hệ bền chặt với Jakarta sẽ hỗ trợ Mỹ khi nước này tăng cường hiện diện tại khu vực.\r\n\r\nThông cáo của Bộ Ngoại giao Mỹ cho biết hai bên đã cam kết hợp tác trong cuộc chiến chống đại dịch toàn cầu, khủng hoảng khí hậu và tội phạm an ninh mạng.\r\n\r\nTrong vấn đề Biển Đông, ngoại trưởng Mỹ và Indonesia nhấn mạnh sẽ tiếp tục hợp tác để bảo vệ quyền tự do hàng hải trong khu vực.\r\n\r\nTheo Hãng tin Reuters, cuộc gặp giữa ông Blinken và bà Marsudi diễn ra ngay trước thềm một hội nghị trực tuyến giữa Mỹ với các nước ASEAN ngày 3-8. Chính quyền Mỹ đang gia tăng các hoạt động tiếp xúc với Đông Nam Á trong vài tuần qua.\r\n\r\nNgoài chuyến thăm của các quan chức quốc phòng và ngoại giao cấp cao, Mỹ cũng tiến hành một số hoạt động quân sự với các nước trong khu vực.\r\n\r\nBáo South China Morning Post cho biết hơn 4.500 binh sĩ của Mỹ và Indonesia đang tham gia cuộc tập trận Lá chắn Garuda 2021, đánh dấu đợt diễn tập lớn nhất giữa hai bên kể từ năm 2009.\r\n\r\nCuộc tập trận kéo dài 2 tuần, bắt đầu từ ngày 1-8, trên các đảo Sumatra, Sulawesi, Borneo của Indonesia.\r\n\r\nTham mưu trưởng Lục quân Indonesia, tướng Andika Perkasa, khẳng định cuộc tập trận năm nay có rất nhiều ý nghĩa, không đơn thuần là một hoạt động quân sự. "Lá chắn Garuda 2021 được tổ chức để củng cố tình bạn giữa Mỹ và Indonesia", ông Perkasa nói.\r\n\r\nGiới quan sát cũng chú ý hơn đến tập trận năm nay vì nó diễn ra ngay trong lúc dịch COVID-19 vẫn đang rất phức tạp.\r\n\r\nJakarta có quan hệ an ninh chặt chẽ với Washington nhưng tiếp tục thúc đẩy quan hệ kinh tế mạnh mẽ với Bắc Kinh. Nhà phân tích Derek Grossman (Mỹ) dự đoán Trung Quốc sẽ theo dõi mối quan hệ giữa Indonesia với Mỹ và hy vọng đảo quốc này sẽ "giữ được sự cân bằng".\r\n\r\nIndonesia không phải là một bên tranh chấp ở Biển Đông nhưng ngày càng quan tâm đến vấn đề này. Nguyên nhân một phần xuất phát từ việc Trung Quốc đưa ra yêu sách đường 9 đoạn vô lý chồng lấn với vùng đặc quyền kinh tế của Indonesia.', 5, '2020-10-07 19:15:26'),
(28, 'Nổ lớn tại nhà thờ Hồi giáo ở Afghanistan, nhiều người thương vong', 'TTO - Các quan chức Taliban xác nhận vụ nổ xảy ra ở nhà thờ Hồi giáo ở tỉnh Kunduz, phía đông bắc Afghanistan, khiến nhiều người thương vong.', 'the-gioi-3.1.jpeg\r\n', 'the-gioi-3.2.jpeg', '', 'Hãng tin AFP dẫn nguồn tin riêng ở Kunduz cho biết, có ít nhất 50 người đã thiệt mạng trong vụ nổ ở nhà thờ của cộng đồng Hồi giáo dòng Shiite vào ngày 8-10.\r\n\r\n"Đến nay chúng tôi đã tiếp nhận 35 thi thể và hơn 50 người bị thương", bác sĩ giấu tên nói với AFP.\r\n\r\nMột bệnh viện khác do tổ chức Bác sĩ không biên giới (MSF) điều hành nói họ đã tiếp nhận thi thể của ít nhất 15 người.\r\n\r\n"Hàng trăm người đang tụ tập tại cổng chính của bệnh viện và khóc thương người thân. Tuy nhiên, các binh sĩ Taliban vũ trang đang cố gắng giải tán đám đông, phòng trường hợp xảy ra một vụ nổ khác", một nhân viên bệnh viện nói.\r\n\r\nMột nữ giáo viên ở Kunduz nói với AFP rằng vụ nổ xảy ra gần nhà cô, và một số hàng xóm của cô đã thiệt mạng. "Sự việc rất kinh hoàng. Nhiều hàng xóm của tôi đã chết và bị thương", cô nói.\r\n\r\nCư dân Kunduz cho biết, vụ nổ diễn ra trong buổi cầu nguyện ngày thứ sáu, lễ quan trọng nhất trong tuần đối với người theo Hồi giáo.\r\n\r\nTheo Hãng tin AFP, người theo Hồi giáo dòng Shiite thường là mục tiêu của các vụ tấn công bạo lực đến từ các phần tử cực đoan theo Hồi giáo dòng Sunni.\r\n\r\nHiện chưa có ai đứng ra nhận trách nhiệm về vụ việc. Vụ nổ ngày 8-10 tiếp nối nhiều vụ tấn công xảy ra ở Afghanistan kể từ khi Taliban lên nắm quyền.\r\n\r\nTrước đó, ngày 3-10, một quả bom phát nổ ở lối vào nhà thờ Hồi giáo Eid Gah ở Kabul, khiến ít nhất 12 người thiệt mạng và hơn 30 người bị thương.\r\n\r\nChính quyền Taliban sau đó đã bắt giữ các thành viên tổ chức Nhà nước Hồi giáo (IS) tự xưng liên quan đến vụ việc.\r\n\r\nVào tháng 8, tổ chức ISIS-K (một nhánh của IS tại Afghanistan) đứng ra chịu trách nhiệm vụ tấn công khủng bố ở sân bay Hamid Karzai đã khiến ít nhất 169 người Afghanistan và 13 người Mỹ thiệt mạng.\r\n\r\nCác cuộc tấn công cho thấy Taliban còn nhiều thách thức về an ninh phải giải quyết, chưa kể đến các vấn đề khác như dịch bệnh và khủng hoảng kinh tế.', 5, '2020-10-08 21:22:13'),
(29, 'Nobel hòa bình: Một thế giới \'không có sự thật\' là một thế giới không có niềm tin', 'TTO - Hai nhà báo Maria Ressa (Philippines) và Dmitry Muratov (Nga) được trao giải Nobel hòa bình 2021 vì nỗ lực đấu tranh cho tự do ngôn luận, được đánh giá là điều kiện tiên quyết cho nền dân chủ và hòa bình lâu dài.', 'the-gioi-4.1.jpg', '', '', 'Trong một cuộc chiến vì sự thật, tôi nghĩ rằng giải thưởng này cho thấy Ủy ban trao giải Nobel hòa bình đã nhận ra rằng một thế giới "không có sự thật" là một thế giới không có niềm tin.\r\n\r\nBà MARIA RESSA (nhà sáng lập báo Rappler)\r\n\r\n"Tôi tin rằng việc trao giải Nobel hòa bình cho hai nhà báo can đảm và xuất chúng này giúp định nghĩa như thế nào là nhà báo đích thực" - bà Berrit Reiss-Andersen, chủ tịch Ủy ban Nobel Na Uy (đơn vị trao giải Nobel hòa bình), chia sẻ tại buổi thông báo giải thưởng ở Oslo ngày 8-10.\r\n\r\nGiúp ngăn chiến tranh, xung đột\r\n\r\nGiải thích về quyết định trao giải năm nay, bà Reiss-Andersen cho rằng tự do ngôn luận và tự do báo chí là tiền đề giúp ngăn chiến tranh, xung đột. \r\n\r\n"Không có tự do ngôn luận và tự do báo chí sẽ khó thúc đẩy được tình hữu nghị giữa các quốc gia, giải trừ quân bị và một trật tự thế giới tốt đẹp hơn trong thời đại của chúng ta. Đó là sự bảo vệ tốt nhất mà một xã hội có thể dựng lên để chống lại chiến tranh và xung đột" - bà Berrit Reiss-Andersen nói thêm.\r\n\r\nTheo Ủy ban Nobel Na Uy, bà Maria Ressa đã dùng báo chí để vạch trần lạm dụng quyền lực và sử dụng bạo lực ở Philippines. Năm 2012, sau hai thập niên làm phóng viên thường trú của Đài CNN, bà Ressa làm đồng sáng lập báo Rappler. \r\n\r\nTờ báo này đẩy mạnh hoạt động báo chí điều tra, tập trung điều tra nhắm vào chiến dịch chống ma túy gây tranh cãi của Tổng thống Philippines Rodrigo Duterte.\r\n\r\nBà Ressa và báo Rappler cũng được tôn vinh khi thể hiện cách mà phương tiện truyền thông xã hội đang bị sử dụng để lan truyền tin tức giả mạo, quấy rối đối thủ và thao túng các cuộc thảo luận của công chúng.\r\n\r\nTrong khi đó, ông Dmitry Muratov là tổng biên tập của tờ báo độc lập Novaya Gazeta. Kể từ khi thành lập vào năm 1993, Novaya Gazeta đã xuất bản các bài báo phê phán các vấn đề từ tham nhũng, bạo lực của cảnh sát, bắt giữ trái pháp luật, gian lận bầu cử, việc sử dụng các lực lượng quân sự Nga ở cả trong và ngoài nước Nga.\r\n\r\nBà Ressa và ông Muratov không phải là những nhà báo đầu tiên được trao giải Nobel hòa bình. Nhà báo người Ý Ernesto Teodoro Moneta thắng giải Nobel 1907 khi tác nghiệp về các cuộc họp hòa bình liên quan một thỏa thuận giữa Pháp và Ý. \r\n\r\nVào năm 1935, nhà báo Carl von Ossietzky (Đức) cũng được vinh danh sau khi tiết lộ Đức bí mật xây dựng lại lực lượng vũ trang sau Thế chiến 1, vi phạm hòa ước Versaille.\r\n\r\n"Tiếp tục làm báo có trách nhiệm"\r\n\r\nPhát biểu trên Hãng tin Tass, ông Muratov dành tặng giải thưởng cho tờ báo của ông - Novaya Gazeta. Ngay sau khi giải thưởng được công bố, Điện Kremlin đã lên tiếng chúc mừng nhà báo Nga. \r\n\r\n"Chúng tôi chúc mừng ông Dmitry Muratov, ông ấy đã luôn làm việc theo lý tưởng của mình, tôn trọng ý tưởng của mình. Ông ấy tài năng và dũng cảm" - người phát ngôn Dmitry Peskov của Tổng thống Nga Vladimir Putin nói.\r\n\r\nBáo Guardian dẫn lời nữ nhà báo Maria Ressa chia sẻ rằng bà cảm thấy "sốc" khi được trao giải Nobel và nhấn mạnh "giải thưởng này không thuộc về tôi mà là về Rappler". Bà Ressa cho biết Rappler đã đấu tranh cho sự thật từ năm 2016. \r\n\r\n"Khi chúng ta sống ở thế giới mà người ta còn tranh cãi về các sự thật, khi các kênh phân phối tin tức lớn nhất thế giới ưu tiên lan truyền chương trình truyền hình trực tiếp nhuốm màu giận dữ và thù ghét, và lan truyền nó nhanh hơn và xa hơn các sự thật, thì lúc đó báo chí (không còn trở thành báo chí nữa) mà trở thành một phong trào xã hội" - bà Ressa chia sẻ.\r\n\r\nBà Reiss-Andersen cho biết Ủy ban Nobel Na Uy hy vọng giải thưởng năm nay dành cho hai nhà báo Philippines và Nga sẽ khẳng định tầm quan trọng của báo chí không chỉ ở những nơi đang có xung đột, chiến tranh mà trên khắp thế giới. \r\n\r\nÔng Dan Smith - giám đốc Viện Nghiên cứu hòa bình quốc tế Stockholm - cũng cho biết giải thưởng có thể giúp tạo nguồn cảm hứng cho một thế hệ nhà báo mới trong tương lai.', 5, '2020-03-10 10:17:23'),
(30, '136 nước đạt thỏa thuận áp thuế doanh nghiệp tối thiểu 15%', 'TTO - Các bên tham gia đồng ý áp thuế thu nhập doanh nghiệp tối thiểu 15% nhằm tránh hiện tượng chuyển lợi nhuận ra nước ngoài và tình trạng nhiều nước thi nhau giảm thuế để thu hút doanh nghiệp.', 'the-gioi-5.1.jpg\r\n', '', '', 'Ireland, Estonia và Hungary - những quốc gia trước đó kiên quyết phản đối mức thuế 15% - rốt cuộc cũng đã từ bỏ lập trường và tham gia thỏa thuận, theo Tổ chức Hợp tác và phát triển kinh tế (OECD).\r\n\r\nThỏa thuận có tên gọi chính thức là "Tuyên bố về giải pháp hai trụ cột nhằm giải quyết các thách thức về thuế phát sinh từ số hóa nền kinh tế", do OECD làm trung gian đàm phán.\r\n\r\nCó 140 quốc gia và vùng lãnh thổ tham gia, trong đó 136 nước (chiếm 90% nền kinh tế toàn cầu) đồng ý và 4 nước còn lại bỏ phiếu trắng.\r\n\r\nTheo OECD, các nước đang kỳ vọng sẽ đưa thỏa thuận đột phá này thành một công ước được ký kết vào năm 2022 và có hiệu lực vào năm 2023.\r\n\r\n"Thỏa thuận hôm nay sẽ giúp cho các thỏa thuận thuế quốc tế trở nên công bằng hơn và hoạt động tốt hơn. Đây là một thắng lợi lớn cho chủ nghĩa đa phương hiệu quả và cân bằng", tổng thư ký OECD Mathias Cormann hân hoan trong thông cáo ngày 8-10.\r\n\r\nOECD ước tính mức thuế tối thiểu 15% sẽ giúp tạo thêm mỗi năm 150 tỉ USD tiền thuế thu được toàn cầu, trong đó có 125 tỉ USD ở các nước hiện nay có mức thuế thấp hơn 15%.\r\n\r\nCũng theo OECD, mức thuế này chỉ áp dụng với các doanh nghiệp có doanh thu từ 750 triệu euro (868 triệu USD) trở lên.\r\n\r\nHãng tin Reuters bình luận việc các nước đạt được thỏa thuận về thuế tối thiểu phản ánh tình hình tài chính ở các nước đang căng thẳng vì dịch COVID-19. Ngoài chi cho chống dịch, các nước còn phải chi cho những gói trợ cấp người dân và doanh nghiệp để cứu nền kinh tế.\r\n\r\nKhông chỉ ngăn chặn "cuộc đua xuống đáy" tức việc các nước đua nhau giảm thuế để thu hút các doanh nghiệp, thỏa thuận này còn chặn hiện tượng chuyển lợi nhuận ra nước ngoài - một chiêu né thuế cao của các tập đoàn xuyên quốc gia, đặc biệt trong lĩnh vực công nghệ.\r\n\r\nTổng thống Mỹ Joe Biden cùng một số bộ trưởng tài chính các nước châu Âu hoan nghênh việc đạt được thỏa thuận, và cho rằng điều này sẽ giúp cuộc chơi trở nên công bằng hơn. Tuy nhiên vẫn có những nghi ngờ về tương lai của thỏa thuận.\r\n\r\nMột số quốc gia đang phát triển muốn áp mức thuế cao hơn cho biết lợi ích của họ đã bị gạt sang một bên để phù hợp với lợi ích của các nước giàu, theo Reuters.\r\n\r\nTổ chức Oxfam hoài nghi về mốc thời gian thực thi là năm 2023 do các công ước khác thường mất nhiều thời gian để ký kết, phê chuẩn. Cũng theo Oxfam, có nhiều ngoại lệ trong thỏa thuận khiến nó khó có thể đem lại lợi ích ngay lập tức.\r\n\r\nChẳng hạn Hungary được hưởng "giai đoạn chuyển tiếp" cho phép nước này duy trì mức thuế 9% trong 10 năm trước khi chuyển sang mức 15%. Mức thuế của Hungary thậm chí còn thấp hơn Ireland (12,5%), nơi vốn được coi là thiên đường thuế cho các doanh nghiệp công nghệ.\r\n\r\nTheo OECD, thỏa thuận sẽ được xem xét tại cuộc họp của các bộ trưởng tài chính nhóm 20 nền kinh tế lớn nhất thế giới (G20) diễn ra tại Mỹ vào ngày 13-10 tới và tiếp đó là Hội nghị thượng đỉnh G20 tại Rome (Ý) vào cuối tháng.', 5, '2020-10-06 16:13:22'),
(31, 'Cựu bộ trưởng Quốc phòng Pháp nói nên gọi Đài Loan là quốc gia', 'TTO - Cựu bộ trưởng Quốc phòng Pháp Alain Richard, trong khuôn khổ chuyến thăm tới Đài Bắc, cho rằng Đài Loan nên được gọi là một quốc gia', 'the-gioi-6.1.jpg\r\n', '', '', 'Phái đoàn thượng nghị sĩ Pháp do cựu bộ trưởng Quốc phòng Alain Richard dẫn đầu đang ở thăm Đài Loan.\r\n\r\nPhái đoàn 4 người tới Đài Loan vào ngày 6-10 và dự kiến sẽ hội đàm với nhiều quan chức Đài Loan trước khi rời đi vào ngày 10-10.\r\n\r\nTrong cuộc hội đàm với nhà lãnh đạo Đài Loan Thái Anh Văn vào ngày 7-10, ông Richard cho biết Văn phòng đại diện Đài Loan tại Paris đang "làm rất tốt trong việc đại diện cho đất nước của bà".\r\n\r\n"Điều gây ấn tượng với tôi là tên của hòn đảo này và đất nước này là Đài Loan. Vì vậy không có gì to tát khi ngăn cản đất nước này sử dụng tên của họ", ông Richard nói với các phóng viên sau đó bằng tiếng Anh.\r\n\r\nTên gọi của Đài Loan là một vấn đề phức tạp. Theo Hãng tin Reuters, Đài Loan không được hầu hết thế giới (những quốc gia có quan hệ ngoại giao với Trung Quốc) công nhận. Các văn phòng ngoại giao của hòn đảo ở các nước thường dùng tên Đài Bắc, nhằm tránh làm mất lòng Trung Quốc.\r\n\r\nChính cựu bộ trưởng Quốc phòng Pháp cũng thừa nhận với các phóng viên rằng việc gọi tên các văn phòng đại diện của Đài Loan là một vấn đề phức tạp.\r\n\r\nPhát biểu của ông Richard được đưa ra vào thời điểm cộng đồng quốc tế ngày càng lo ngại về căng thẳng gia tăng giữa Đài Loan và Trung Quốc. Chỉ trong 4 ngày tính từ ngày 1-10, gần 150 máy bay Trung Quốc đã bay vào vùng nhận dạng phòng không (ADIZ) của Đài Loan.\r\n\r\nTại Bắc Kinh, người phát ngôn Bộ Ngoại giao Trung Quốc Triệu Lập Kiên nói việc gọi Đài Loan là quốc gia là hành động "vị phạm trắng trợn đồng thuận chung của cộng đồng quốc tế, bao gồm cả Pháp".\r\n\r\n"Những người như ông Richard hoặc thiếu sự tôn trọng và hiểu biết cơ bản về các chuẩn mực quan hệ quốc tế, hoặc ảnh hưởng mối quan hệ giữa các nước dựa trên sự ích kỷ cá nhân", ông Triệu nói thêm. "Trung Quốc cực lực lên án và kiên quyết phản đối việc này".\r\n\r\nÔng Richard từng là bộ trưởng Quốc phòng Pháp từ năm 1997 đến 2002, dưới thời tổng thống Jacques Chirac.', 5, '2021-10-10 13:00:00');

--
-- Indexes for dumped tables
--

--
-- Indexes for table `category`
--
ALTER TABLE `category`
  ADD PRIMARY KEY (`id_category`);

--
-- Indexes for table `commtent`
--
ALTER TABLE `commtent`
  ADD PRIMARY KEY (`ID_COMMENT`);

--
-- Indexes for table `post`
--
ALTER TABLE `post`
  ADD PRIMARY KEY (`ID_POST`);

--
-- AUTO_INCREMENT for dumped tables
--

--
-- AUTO_INCREMENT for table `category`
--
ALTER TABLE `category`
  MODIFY `id_category` int(11) NOT NULL AUTO_INCREMENT, AUTO_INCREMENT=6;
--
-- AUTO_INCREMENT for table `commtent`
--
ALTER TABLE `commtent`
  MODIFY `ID_COMMENT` int(11) NOT NULL AUTO_INCREMENT, AUTO_INCREMENT=4;
--
-- AUTO_INCREMENT for table `post`
--
ALTER TABLE `post`
  MODIFY `ID_POST` int(11) NOT NULL AUTO_INCREMENT, AUTO_INCREMENT=32;
/*!40101 SET CHARACTER_SET_CLIENT=@OLD_CHARACTER_SET_CLIENT */;
/*!40101 SET CHARACTER_SET_RESULTS=@OLD_CHARACTER_SET_RESULTS */;
/*!40101 SET COLLATION_CONNECTION=@OLD_COLLATION_CONNECTION */;
